batch,quarter,start_date,end_date,output_type,use_case,classification_method,flash_loan_events,unique_transactions,pct_of_events,pct_of_transactions
01,2020_Q1,2020-01-01,2020-04-01,per_layer,unknown,unclassified,1674,999,77,75.85
01,2020_Q1,2020-01-01,2020-04-01,per_layer,arbitrage,layer4_dex_interaction,304,303,13.98,23.01
01,2020_Q1,2020-01-01,2020-04-01,per_layer,collateral_swap,layer3_allium_lending,187,187,8.6,14.2
01,2020_Q1,2020-01-01,2020-04-01,per_layer,liquidation,layer2_allium_liquidation,8,8,0.37,0.61
01,2020_Q1,2020-01-01,2020-04-01,per_layer,liquidation,layer2_trace_function,1,1,0.05,0.08
01,2020_Q1,2020-01-01,2020-04-01,per_use_case,unknown,null,null,999,null,75.85
01,2020_Q1,2020-01-01,2020-04-01,per_use_case,arbitrage,null,null,303,null,23.01
01,2020_Q1,2020-01-01,2020-04-01,per_use_case,collateral_swap,null,null,187,null,14.2
01,2020_Q1,2020-01-01,2020-04-01,per_use_case,liquidation,null,null,9,null,0.68
13,2023_Q1,2023-01-01,2023-04-01,per_layer,arbitrage,layer4_dex_interaction,14393,14294,34.73,48.65
13,2023_Q1,2023-01-01,2023-04-01,per_layer,nft_operations,pre_filter_benddao,21492,13550,51.86,46.12
13,2023_Q1,2023-01-01,2023-04-01,per_layer,collateral_swap,layer3_allium_lending,2189,2134,5.28,7.26
13,2023_Q1,2023-01-01,2023-04-01,per_layer,collateral_swap,layer1_anchor_contract,1592,1592,3.84,5.42
13,2023_Q1,2023-01-01,2023-04-01,per_layer,unknown,unclassified,771,756,1.86,2.57
13,2023_Q1,2023-01-01,2023-04-01,per_layer,debt_swap,layer3_allium_lending,788,736,1.90,2.51
13,2023_Q1,2023-01-01,2023-04-01,per_layer,liquidation,layer2_trace_function,109,105,0.26,0.36
13,2023_Q1,2023-01-01,2023-04-01,per_layer,liquidation,layer2_allium_liquidation,107,104,0.26,0.35
13,2023_Q1,2023-01-01,2023-04-01,per_use_case,arbitrage,,null,14294,null,48.65
13,2023_Q1,2023-01-01,2023-04-01,per_use_case,nft_operations,,null,13550,null,46.12
13,2023_Q1,2023-01-01,2023-04-01,per_use_case,collateral_swap,,null,2734,null,9.31
13,2023_Q1,2023-01-01,2023-04-01,per_use_case,unknown,,null,756,null,2.57
13,2023_Q1,2023-01-01,2023-04-01,per_use_case,debt_swap,,null,736,null,2.51
13,2023_Q1,2023-01-01,2023-04-01,per_use_case,liquidation,,null,127,null,0.43
14,2023_Q2,2023-04-01,2023-07-01,per_layer,arbitrage,layer4_dex_interaction,13975,13867,54.66,70.65
14,2023_Q2,2023-04-01,2023-07-01,per_layer,nft_operations,pre_filter_benddao,7142,4574,27.94,23.3
14,2023_Q2,2023-04-01,2023-07-01,per_layer,collateral_swap,layer3_allium_lending,1953,1920,7.64,9.78
14,2023_Q2,2023-04-01,2023-07-01,per_layer,collateral_swap,layer1_anchor_contract,1064,1064,4.16,5.42
14,2023_Q2,2023-04-01,2023-07-01,per_layer,unknown,unclassified,847,771,3.31,3.93
14,2023_Q2,2023-04-01,2023-07-01,per_layer,debt_swap,layer3_allium_lending,353,325,1.38,1.66
14,2023_Q2,2023-04-01,2023-07-01,per_layer,liquidation,layer2_trace_function,151,143,0.59,0.73
14,2023_Q2,2023-04-01,2023-07-01,per_layer,liquidation,layer2_allium_liquidation,80,77,0.31,0.39
14,2023_Q2,2023-04-01,2023-07-01,per_use_case,arbitrage,,null,13867,null,70.65
14,2023_Q2,2023-04-01,2023-07-01,per_use_case,nft_operations,,null,4574,null,23.3
14,2023_Q2,2023-04-01,2023-07-01,per_use_case,collateral_swap,,null,2351,null,11.98
14,2023_Q2,2023-04-01,2023-07-01,per_use_case,unknown,,null,771,null,3.93
14,2023_Q2,2023-04-01,2023-07-01,per_use_case,debt_swap,,null,325,null,1.66
14,2023_Q2,2023-04-01,2023-07-01,per_use_case,liquidation,,null,163,null,0.83
15,2023_Q3,2023-07-01,2023-10-01,per_layer,arbitrage,layer4_dex_interaction,21706,21579,72.89,90.32
15,2023_Q3,2023-07-01,2023-10-01,per_layer,collateral_swap,layer3_allium_lending,2456,2347,8.25,9.82
15,2023_Q3,2023-07-01,2023-10-01,per_layer,debt_swap,layer3_allium_lending,1654,1546,5.55,6.47
15,2023_Q3,2023-07-01,2023-10-01,per_layer,collateral_swap,layer1_anchor_contract,1175,1175,3.95,4.92
15,2023_Q3,2023-07-01,2023-10-01,per_layer,unknown,unclassified,977,832,3.28,3.48
15,2023_Q3,2023-07-01,2023-10-01,per_layer,nft_operations,pre_filter_benddao,1346,757,4.52,3.17
15,2023_Q3,2023-07-01,2023-10-01,per_layer,liquidation,layer2_trace_function,237,237,0.8,0.99
15,2023_Q3,2023-07-01,2023-10-01,per_layer,liquidation,layer2_allium_liquidation,230,229,0.77,0.96
15,2023_Q3,2023-07-01,2023-10-01,per_use_case,arbitrage,,null,21579,null,90.32
15,2023_Q3,2023-07-01,2023-10-01,per_use_case,collateral_swap,,null,2950,null,12.35
15,2023_Q3,2023-07-01,2023-10-01,per_use_case,debt_swap,,null,1546,null,6.47
15,2023_Q3,2023-07-01,2023-10-01,per_use_case,unknown,,null,832,null,3.48
15,2023_Q3,2023-07-01,2023-10-01,per_use_case,nft_operations,,null,757,null,3.17
15,2023_Q3,2023-07-01,2023-10-01,per_use_case,liquidation,,null,276,null,1.16
16,2023_Q4,2023-10-01,2024-01-01,per_layer,arbitrage,layer4_dex_interaction,25439,24947,66.94,87.57
16,2023_Q4,2023-10-01,2024-01-01,per_layer,collateral_swap,layer3_allium_lending,3506,3259,9.23,11.44
16,2023_Q4,2023-10-01,2024-01-01,per_layer,unknown,unclassified,4086,2554,10.75,8.97
16,2023_Q4,2023-10-01,2024-01-01,per_layer,debt_swap,layer3_allium_lending,2491,2365,6.55,8.3
16,2023_Q4,2023-10-01,2024-01-01,per_layer,collateral_swap,layer1_anchor_contract,1534,1534,4.04,5.38
16,2023_Q4,2023-10-01,2024-01-01,per_layer,nft_operations,pre_filter_benddao,571,311,1.5,1.09
16,2023_Q4,2023-10-01,2024-01-01,per_layer,liquidation,layer2_allium_liquidation,209,208,0.55,0.73
16,2023_Q4,2023-10-01,2024-01-01,per_layer,liquidation,layer2_trace_function,168,168,0.44,0.59
16,2023_Q4,2023-10-01,2024-01-01,per_use_case,arbitrage,,null,24947,null,87.57
16,2023_Q4,2023-10-01,2024-01-01,per_use_case,collateral_swap,,null,3873,null,13.6
16,2023_Q4,2023-10-01,2024-01-01,per_use_case,unknown,,null,2554,null,8.97
16,2023_Q4,2023-10-01,2024-01-01,per_use_case,debt_swap,,null,2365,null,8.3
16,2023_Q4,2023-10-01,2024-01-01,per_use_case,nft_operations,,null,311,null,1.09
16,2023_Q4,2023-10-01,2024-01-01,per_use_case,liquidation,,null,231,null,0.81
17,2024_Q1,2024-01-01,2024-04-01,per_layer,arbitrage,layer4_dex_interaction,24302,23300,69.54,91.12
17,2024_Q1,2024-01-01,2024-04-01,per_layer,collateral_swap,layer3_allium_lending,3890,3805,11.13,14.88
17,2024_Q1,2024-01-01,2024-04-01,per_layer,debt_swap,layer3_allium_lending,2112,2039,6.04,7.97
17,2024_Q1,2024-01-01,2024-04-01,per_layer,collateral_swap,layer1_anchor_contract,1867,1866,5.34,7.3
17,2024_Q1,2024-01-01,2024-04-01,per_layer,unknown,unclassified,1923,1430,5.5,5.59
17,2024_Q1,2024-01-01,2024-04-01,per_layer,nft_operations,pre_filter_benddao,493,346,1.41,1.35
17,2024_Q1,2024-01-01,2024-04-01,per_layer,liquidation,layer2_trace_function,196,188,0.56,0.74
17,2024_Q1,2024-01-01,2024-04-01,per_layer,liquidation,layer2_allium_liquidation,162,158,0.46,0.62
17,2024_Q1,2024-01-01,2024-04-01,per_use_case,arbitrage,,null,23300,null,91.12
17,2024_Q1,2024-01-01,2024-04-01,per_use_case,collateral_swap,,null,4650,null,18.18
17,2024_Q1,2024-01-01,2024-04-01,per_use_case,debt_swap,,null,2039,null,7.97
17,2024_Q1,2024-01-01,2024-04-01,per_use_case,unknown,,null,1430,null,5.59
17,2024_Q1,2024-01-01,2024-04-01,per_use_case,nft_operations,,null,346,null,1.35
17,2024_Q1,2024-01-01,2024-04-01,per_use_case,liquidation,,null,216,null,0.84
18,2024_Q2,2024-04-01,2024-07-01,per_layer,arbitrage,layer4_dex_interaction,32736,32292,69.08,93.43
18,2024_Q2,2024-04-01,2024-07-01,per_layer,collateral_swap,layer3_allium_lending,5953,5849,12.56,16.92
18,2024_Q2,2024-04-01,2024-07-01,per_layer,debt_swap,layer3_allium_lending,2975,2854,6.28,8.26
18,2024_Q2,2024-04-01,2024-07-01,per_layer,collateral_swap,layer1_anchor_contract,2496,2496,5.27,7.22
18,2024_Q2,2024-04-01,2024-07-01,per_layer,unknown,unclassified,1992,1517,4.2,4.39
18,2024_Q2,2024-04-01,2024-07-01,per_layer,liquidation,layer2_trace_function,579,537,1.22,1.55
18,2024_Q2,2024-04-01,2024-07-01,per_layer,liquidation,layer2_allium_liquidation,524,483,1.11,1.4
18,2024_Q2,2024-04-01,2024-07-01,per_layer,nft_operations,pre_filter_benddao,135,94,0.28,0.27
18,2024_Q2,2024-04-01,2024-07-01,per_use_case,arbitrage,,null,32292,null,93.43
18,2024_Q2,2024-04-01,2024-07-01,per_use_case,collateral_swap,,null,6940,null,20.08
18,2024_Q2,2024-04-01,2024-07-01,per_use_case,debt_swap,,null,2854,null,8.26
18,2024_Q2,2024-04-01,2024-07-01,per_use_case,unknown,,null,1517,null,4.39
18,2024_Q2,2024-04-01,2024-07-01,per_use_case,liquidation,,null,612,null,1.77
18,2024_Q2,2024-04-01,2024-07-01,per_use_case,nft_operations,,null,94,null,0.27
19,2024_Q3,2024-07-01,2024-10-01,per_layer,arbitrage,layer4_dex_interaction,45177,43518,63.55,93.71
19,2024_Q3,2024-07-01,2024-10-01,per_layer,collateral_swap,layer3_allium_lending,11389,11046,16.02,23.79
19,2024_Q3,2024-07-01,2024-10-01,per_layer,collateral_swap,layer1_anchor_contract,5422,5389,7.63,11.6
19,2024_Q3,2024-07-01,2024-10-01,per_layer,debt_swap,layer3_allium_lending,3659,3545,5.15,7.63
19,2024_Q3,2024-07-01,2024-10-01,per_layer,unknown,unclassified,2547,2087,3.58,4.49
19,2024_Q3,2024-07-01,2024-10-01,per_layer,liquidation,layer2_allium_liquidation,1504,1445,2.12,3.11
19,2024_Q3,2024-07-01,2024-10-01,per_layer,liquidation,layer2_trace_function,1099,1080,1.55,2.33
19,2024_Q3,2024-07-01,2024-10-01,per_layer,debt_swap,layer1_anchor_contract,244,244,0.34,0.53
19,2024_Q3,2024-07-01,2024-10-01,per_layer,nft_operations,pre_filter_benddao,51,42,0.07,0.09
19,2024_Q3,2024-07-01,2024-10-01,per_use_case,arbitrage,,null,43518,null,93.71
19,2024_Q3,2024-07-01,2024-10-01,per_use_case,collateral_swap,,null,12995,null,27.98
19,2024_Q3,2024-07-01,2024-10-01,per_use_case,debt_swap,,null,3545,null,7.63
19,2024_Q3,2024-07-01,2024-10-01,per_use_case,unknown,,null,2087,null,4.49
19,2024_Q3,2024-07-01,2024-10-01,per_use_case,liquidation,,null,1535,null,3.31
19,2024_Q3,2024-07-01,2024-10-01,per_use_case,nft_operations,,null,42,null,0.09
20,2024_Q4,2024-10-01,2025-01-01,per_layer,arbitrage,layer4_dex_interaction,33419,33032,58.14,88.08
20,2024_Q4,2024-10-01,2025-01-01,per_layer,collateral_swap,layer3_allium_lending,6693,6439,11.64,17.17
20,2024_Q4,2024-10-01,2025-01-01,per_layer,debt_swap,layer3_allium_lending,5088,5015,8.85,13.37
20,2024_Q4,2024-10-01,2025-01-01,per_layer,collateral_swap,layer1_anchor_contract,4333,4329,7.54,11.54
20,2024_Q4,2024-10-01,2025-01-01,per_layer,debt_swap,layer1_anchor_contract,3845,3845,6.69,10.25
20,2024_Q4,2024-10-01,2025-01-01,per_layer,unknown,unclassified,3285,2773,5.71,7.39
20,2024_Q4,2024-10-01,2025-01-01,per_layer,liquidation,layer2_allium_liquidation,454,452,0.79,1.21
20,2024_Q4,2024-10-01,2025-01-01,per_layer,liquidation,layer2_trace_function,303,302,0.53,0.81
20,2024_Q4,2024-10-01,2025-01-01,per_layer,nft_operations,pre_filter_benddao,64,48,0.11,0.13
20,2024_Q4,2024-10-01,2025-01-01,per_use_case,arbitrage,,null,33032,null,88.08
20,2024_Q4,2024-10-01,2025-01-01,per_use_case,collateral_swap,,null,8188,null,21.83
20,2024_Q4,2024-10-01,2025-01-01,per_use_case,debt_swap,,null,5015,null,13.37
20,2024_Q4,2024-10-01,2025-01-01,per_use_case,unknown,,null,2773,null,7.39
20,2024_Q4,2024-10-01,2025-01-01,per_use_case,liquidation,,null,472,null,1.26
20,2024_Q4,2024-10-01,2025-01-01,per_use_case,nft_operations,,null,48,null,0.13
21,2025_Q1,2025-01-01,2025-04-01,per_layer,arbitrage,layer4_dex_interaction,83197,80953,57.3,91.82
21,2025_Q1,2025-01-01,2025-04-01,per_layer,collateral_swap,layer3_allium_lending,25948,25056,17.87,28.42
21,2025_Q1,2025-01-01,2025-04-01,per_layer,collateral_swap,layer1_anchor_contract,10068,10067,6.93,11.42
21,2025_Q1,2025-01-01,2025-04-01,per_layer,debt_swap,layer3_allium_lending,7814,7739,5.38,8.78
21,2025_Q1,2025-01-01,2025-04-01,per_layer,debt_swap,layer1_anchor_contract,5608,5608,3.86,6.36
21,2025_Q1,2025-01-01,2025-04-01,per_layer,unknown,unclassified,5254,4377,3.62,4.96
21,2025_Q1,2025-01-01,2025-04-01,per_layer,liquidation,layer2_allium_liquidation,4242,4225,2.92,4.79
21,2025_Q1,2025-01-01,2025-04-01,per_layer,liquidation,layer2_trace_function,3028,3017,2.09,3.42
21,2025_Q1,2025-01-01,2025-04-01,per_layer,nft_operations,pre_filter_benddao,24,22,0.02,0.02
21,2025_Q1,2025-01-01,2025-04-01,per_use_case,arbitrage,,null,80953,null,91.82
21,2025_Q1,2025-01-01,2025-04-01,per_use_case,collateral_swap,,null,28561,null,32.4
21,2025_Q1,2025-01-01,2025-04-01,per_use_case,debt_swap,,null,7739,null,8.78
21,2025_Q1,2025-01-01,2025-04-01,per_use_case,unknown,,null,4377,null,4.96
21,2025_Q1,2025-01-01,2025-04-01,per_use_case,liquidation,,null,4337,null,4.92
21,2025_Q1,2025-01-01,2025-04-01,per_use_case,nft_operations,,null,22,null,0.02
22,2025_Q2,2025-04-01,2025-07-01,per_layer,arbitrage,layer4_dex_interaction,103486,100159,61.0,94.42
22,2025_Q2,2025-04-01,2025-07-01,per_layer,collateral_swap,layer3_allium_lending,27233,26061,16.05,24.57
22,2025_Q2,2025-04-01,2025-07-01,per_layer,collateral_swap,layer1_anchor_contract,9714,9714,5.73,9.16
22,2025_Q2,2025-04-01,2025-07-01,per_layer,debt_swap,layer3_allium_lending,8864,8678,5.23,8.18
22,2025_Q2,2025-04-01,2025-07-01,per_layer,debt_swap,layer1_anchor_contract,6439,6439,3.8,6.07
22,2025_Q2,2025-04-01,2025-07-01,per_layer,liquidation,layer2_allium_liquidation,4834,4817,2.85,4.54
22,2025_Q2,2025-04-01,2025-07-01,per_layer,liquidation,layer2_trace_function,4391,4388,2.59,4.14
22,2025_Q2,2025-04-01,2025-07-01,per_layer,unknown,unclassified,4672,3468,2.75,3.27
22,2025_Q2,2025-04-01,2025-07-01,per_layer,nft_operations,pre_filter_benddao,10,10,0.01,0.01
22,2025_Q2,2025-04-01,2025-07-01,per_use_case,arbitrage,,null,100159,null,94.42
22,2025_Q2,2025-04-01,2025-07-01,per_use_case,collateral_swap,,null,28288,null,26.67
22,2025_Q2,2025-04-01,2025-07-01,per_use_case,debt_swap,,null,8678,null,8.18
22,2025_Q2,2025-04-01,2025-07-01,per_use_case,liquidation,,null,4881,null,4.6
22,2025_Q2,2025-04-01,2025-07-01,per_use_case,unknown,,null,3468,null,3.27
22,2025_Q2,2025-04-01,2025-07-01,per_use_case,nft_operations,,null,10,null,0.01
23,2025_Q3,2025-07-01,2025-10-01,per_layer,arbitrage,layer4_dex_interaction,185775,179017,70.32,95.35
23,2025_Q3,2025-07-01,2025-10-01,per_layer,collateral_swap,layer3_allium_lending,33198,32309,12.57,17.21
23,2025_Q3,2025-07-01,2025-10-01,per_layer,collateral_swap,layer1_anchor_contract,14376,14376,5.44,7.66
23,2025_Q3,2025-07-01,2025-10-01,per_layer,debt_swap,layer3_allium_lending,13351,13253,5.05,7.06
23,2025_Q3,2025-07-01,2025-10-01,per_layer,debt_swap,layer1_anchor_contract,8879,8879,3.36,4.73
23,2025_Q3,2025-07-01,2025-10-01,per_layer,unknown,unclassified,7300,5912,2.76,3.15
23,2025_Q3,2025-07-01,2025-10-01,per_layer,liquidation,layer2_allium_liquidation,674,654,0.26,0.35
23,2025_Q3,2025-07-01,2025-10-01,per_layer,liquidation,layer2_trace_function,620,601,0.23,0.32
23,2025_Q3,2025-07-01,2025-10-01,per_layer,nft_operations,pre_filter_benddao,7,5,0.0,0.0
23,2025_Q3,2025-07-01,2025-10-01,per_use_case,arbitrage,,null,179017,null,95.35
23,2025_Q3,2025-07-01,2025-10-01,per_use_case,collateral_swap,,null,35623,null,18.97
23,2025_Q3,2025-07-01,2025-10-01,per_use_case,debt_swap,,null,13253,null,7.06
23,2025_Q3,2025-07-01,2025-10-01,per_use_case,unknown,,null,5912,null,3.15
23,2025_Q3,2025-07-01,2025-10-01,per_use_case,liquidation,,null,686,null,0.37
23,2025_Q3,2025-07-01,2025-10-01,per_use_case,nft_operations,,null,5,null,0.0
24,2025_Q4,2025-10-01,2026-01-01,per_layer,arbitrage,layer4_dex_interaction,456996,418004,81.75,97.33
24,2025_Q4,2025-10-01,2026-01-01,per_layer,collateral_swap,layer3_allium_lending,55641,47936,9.95,11.16
24,2025_Q4,2025-10-01,2026-01-01,per_layer,debt_swap,layer3_allium_lending,14200,14097,2.54,3.28
24,2025_Q4,2025-10-01,2026-01-01,per_layer,collateral_swap,layer1_anchor_contract,11173,11172,2.0,2.6
24,2025_Q4,2025-10-01,2026-01-01,per_layer,debt_swap,layer1_anchor_contract,8426,8426,1.51,1.96
24,2025_Q4,2025-10-01,2026-01-01,per_layer,unknown,unclassified,7626,7300,1.36,1.7
24,2025_Q4,2025-10-01,2026-01-01,per_layer,liquidation,layer2_allium_liquidation,2629,2337,0.47,0.54
24,2025_Q4,2025-10-01,2026-01-01,per_layer,liquidation,layer2_trace_function,2294,2052,0.41,0.48
24,2025_Q4,2025-10-01,2026-01-01,per_layer,nft_operations,pre_filter_benddao,1,1,0.0,0.0
24,2025_Q4,2025-10-01,2026-01-01,per_use_case,arbitrage,,null,418004,null,97.33
24,2025_Q4,2025-10-01,2026-01-01,per_use_case,collateral_swap,,null,52037,null,12.12
24,2025_Q4,2025-10-01,2026-01-01,per_use_case,debt_swap,,null,14097,null,3.28
24,2025_Q4,2025-10-01,2026-01-01,per_use_case,unknown,,null,7300,null,1.7
24,2025_Q4,2025-10-01,2026-01-01,per_use_case,liquidation,,null,2470,null,0.58
24,2025_Q4,2025-10-01,2026-01-01,per_use_case,nft_operations,,null,1,null,0.0
25,2026_Q1,2026-01-01,2026-04-01,per_layer,arbitrage,layer4_dex_interaction,616897,567293,85.08,95.26
25,2026_Q1,2026-01-01,2026-04-01,per_layer,collateral_swap,layer3_allium_lending,62946,53712,8.68,9.02
25,2026_Q1,2026-01-01,2026-04-01,per_layer,unknown,unclassified,15976,15482,2.2,2.6
25,2026_Q1,2026-01-01,2026-04-01,per_layer,debt_swap,layer3_allium_lending,13574,13413,1.87,2.25
25,2026_Q1,2026-01-01,2026-04-01,per_layer,liquidation,layer2_trace_function,10196,5385,1.41,0.9
25,2026_Q1,2026-01-01,2026-04-01,per_layer,liquidation,layer2_allium_liquidation,5182,4436,0.71,0.74
25,2026_Q1,2026-01-01,2026-04-01,per_layer,debt_swap,layer1_anchor_contract,218,218,0.03,0.04
25,2026_Q1,2026-01-01,2026-04-01,per_layer,collateral_swap,layer1_anchor_contract,114,114,0.02,0.02
25,2026_Q1,2026-01-01,2026-04-01,per_use_case,arbitrage,,null,567293,null,95.26
25,2026_Q1,2026-01-01,2026-04-01,per_use_case,collateral_swap,,null,53762,null,9.03
25,2026_Q1,2026-01-01,2026-04-01,per_use_case,unknown,,null,15482,null,2.6
25,2026_Q1,2026-01-01,2026-04-01,per_use_case,debt_swap,,null,13413,null,2.25
25,2026_Q1,2026-01-01,2026-04-01,per_use_case,liquidation,,null,6715,null,1.13
26,2026_Q2,2026-04-01,2026-07-01,per_layer,arbitrage,layer4_dex_interaction,440573,413172,87.04,94.29
26,2026_Q2,2026-04-01,2026-07-01,per_layer,collateral_swap,layer3_allium_lending,26238,23060,5.18,5.26
26,2026_Q2,2026-04-01,2026-07-01,per_layer,unknown,unclassified,19416,16441,3.84,3.75
26,2026_Q2,2026-04-01,2026-07-01,per_layer,debt_swap,layer3_allium_lending,9732,9561,1.92,2.18
26,2026_Q2,2026-04-01,2026-07-01,per_layer,liquidation,layer2_allium_liquidation,5362,4748,1.06,1.08
26,2026_Q2,2026-04-01,2026-07-01,per_layer,liquidation,layer2_trace_function,4292,3805,0.85,0.87
26,2026_Q2,2026-04-01,2026-07-01,per_layer,debt_swap,layer1_anchor_contract,313,313,0.06,0.07
26,2026_Q2,2026-04-01,2026-07-01,per_layer,collateral_swap,layer1_anchor_contract,275,275,0.05,0.06
26,2026_Q2,2026-04-01,2026-07-01,per_use_case,arbitrage,,null,413172,null,94.29
26,2026_Q2,2026-04-01,2026-07-01,per_use_case,collateral_swap,,null,23168,null,5.29
26,2026_Q2,2026-04-01,2026-07-01,per_use_case,unknown,,null,16441,null,3.75
26,2026_Q2,2026-04-01,2026-07-01,per_use_case,debt_swap,,null,9561,null,2.18
26,2026_Q2,2026-04-01,2026-07-01,per_use_case,liquidation,,null,4940,null,1.13
02,2020_Q2,2020-04-01,2020-07-01,per_layer,unknown,unclassified,3250,1742,96.21,94.21
02,2020_Q2,2020-04-01,2020-07-01,per_layer,arbitrage,layer4_dex_interaction,43,43,1.27,2.33
02,2020_Q2,2020-04-01,2020-07-01,per_layer,liquidation,layer2_allium_liquidation,30,30,0.89,1.62
02,2020_Q2,2020-04-01,2020-07-01,per_layer,collateral_swap,layer3_allium_lending,29,29,0.86,1.57
02,2020_Q2,2020-04-01,2020-07-01,per_layer,debt_swap,layer3_allium_lending,26,19,0.77,1.03
02,2020_Q2,2020-04-01,2020-07-01,per_use_case,unknown,,null,1742,null,94.21
02,2020_Q2,2020-04-01,2020-07-01,per_use_case,arbitrage,,null,43,null,2.33
02,2020_Q2,2020-04-01,2020-07-01,per_use_case,liquidation,,null,30,null,1.62
02,2020_Q2,2020-04-01,2020-07-01,per_use_case,collateral_swap,,null,29,null,1.57
02,2020_Q2,2020-04-01,2020-07-01,per_use_case,debt_swap,,null,19,null,1.03
03,2020_Q3,2020-07-01,2020-10-01,per_layer,arbitrage,layer4_dex_interaction,2065,1672,48.44,60.1
03,2020_Q3,2020-07-01,2020-10-01,per_layer,unknown,unclassified,1848,1058,43.35,38.03
03,2020_Q3,2020-07-01,2020-10-01,per_layer,liquidation,layer2_allium_liquidation,254,253,5.96,9.09
03,2020_Q3,2020-07-01,2020-10-01,per_layer,debt_swap,layer3_allium_lending,76,38,1.78,1.37
03,2020_Q3,2020-07-01,2020-10-01,per_layer,collateral_swap,layer3_allium_lending,20,20,0.47,0.72
03,2020_Q3,2020-07-01,2020-10-01,per_use_case,arbitrage,,null,1672,null,60.1
03,2020_Q3,2020-07-01,2020-10-01,per_use_case,unknown,,null,1058,null,38.03
03,2020_Q3,2020-07-01,2020-10-01,per_use_case,liquidation,,null,253,null,9.09
03,2020_Q3,2020-07-01,2020-10-01,per_use_case,debt_swap,,null,38,null,1.37
03,2020_Q3,2020-07-01,2020-10-01,per_use_case,collateral_swap,,null,20,null,0.72
04,2020_Q4,2020-10-01,2021-01-01,per_layer,arbitrage,layer4_dex_interaction,3366,3343,56.73,68.66
04,2020_Q4,2020-10-01,2021-01-01,per_layer,unknown,unclassified,1453,1445,24.49,29.68
04,2020_Q4,2020-10-01,2021-01-01,per_layer,liquidation,layer2_allium_liquidation,625,619,10.53,12.71
04,2020_Q4,2020-10-01,2021-01-01,per_layer,collateral_swap,layer3_allium_lending,348,348,5.87,7.15
04,2020_Q4,2020-10-01,2021-01-01,per_layer,debt_swap,layer3_allium_lending,139,119,2.34,2.44
04,2020_Q4,2020-10-01,2021-01-01,per_layer,liquidation,layer2_trace_function,2,1,0.03,0.02
04,2020_Q4,2020-10-01,2021-01-01,per_use_case,arbitrage,,null,3343,null,68.66
04,2020_Q4,2020-10-01,2021-01-01,per_use_case,unknown,,null,1445,null,29.68
04,2020_Q4,2020-10-01,2021-01-01,per_use_case,liquidation,,null,619,null,12.71
04,2020_Q4,2020-10-01,2021-01-01,per_use_case,collateral_swap,,null,348,null,7.15
04,2020_Q4,2020-10-01,2021-01-01,per_use_case,debt_swap,,null,119,null,2.44
05,2021_Q1,2021-01-01,2021-04-01,per_layer,arbitrage,layer4_dex_interaction,6365,6353,47.92,68.3
05,2021_Q1,2021-01-01,2021-04-01,per_layer,collateral_swap,layer3_allium_lending,2572,2309,19.36,24.83
05,2021_Q1,2021-01-01,2021-04-01,per_layer,unknown,unclassified,2086,2085,15.71,22.42
05,2021_Q1,2021-01-01,2021-04-01,per_layer,collateral_swap,layer1_anchor_contract,1070,1070,8.06,11.5
05,2021_Q1,2021-01-01,2021-04-01,per_layer,debt_swap,layer3_allium_lending,982,717,7.39,7.71
05,2021_Q1,2021-01-01,2021-04-01,per_layer,liquidation,layer2_allium_liquidation,162,151,1.22,1.62
05,2021_Q1,2021-01-01,2021-04-01,per_layer,liquidation,layer2_trace_function,45,34,0.34,0.37
05,2021_Q1,2021-01-01,2021-04-01,per_use_case,arbitrage,,null,6353,null,68.3
05,2021_Q1,2021-01-01,2021-04-01,per_use_case,collateral_swap,,null,3379,null,36.33
05,2021_Q1,2021-01-01,2021-04-01,per_use_case,unknown,,null,2085,null,22.42
05,2021_Q1,2021-01-01,2021-04-01,per_use_case,debt_swap,,null,717,null,7.71
05,2021_Q1,2021-01-01,2021-04-01,per_use_case,liquidation,,null,151,null,1.62
06,2021_Q2,2021-04-01,2021-07-01,per_layer,arbitrage,layer4_dex_interaction,12887,12884,48.65,76.77
06,2021_Q2,2021-04-01,2021-07-01,per_layer,collateral_swap,layer3_allium_lending,3407,3041,12.86,18.12
06,2021_Q2,2021-04-01,2021-07-01,per_layer,unknown,unclassified,2582,2582,9.75,15.38
06,2021_Q2,2021-04-01,2021-07-01,per_layer,collateral_swap,layer1_anchor_contract,2512,2512,9.48,14.97
06,2021_Q2,2021-04-01,2021-07-01,per_layer,liquidation,layer2_allium_liquidation,2017,2017,7.61,12.02
06,2021_Q2,2021-04-01,2021-07-01,per_layer,liquidation,layer2_trace_function,1802,1802,6.8,10.74
06,2021_Q2,2021-04-01,2021-07-01,per_layer,debt_swap,layer3_allium_lending,1283,915,4.84,5.45
06,2021_Q2,2021-04-01,2021-07-01,per_use_case,arbitrage,,null,12884,null,76.77
06,2021_Q2,2021-04-01,2021-07-01,per_use_case,collateral_swap,,null,5432,null,32.37
06,2021_Q2,2021-04-01,2021-07-01,per_use_case,unknown,,null,2582,null,15.38
06,2021_Q2,2021-04-01,2021-07-01,per_use_case,liquidation,,null,2032,null,12.11
06,2021_Q2,2021-04-01,2021-07-01,per_use_case,debt_swap,,null,915,null,5.45
07,2021_Q3,2021-07-01,2021-10-01,per_layer,arbitrage,layer4_dex_interaction,5818,5793,49.22,76.18
07,2021_Q3,2021-07-01,2021-10-01,per_layer,collateral_swap,layer1_anchor_contract,2929,2929,24.78,38.52
07,2021_Q3,2021-07-01,2021-10-01,per_layer,collateral_swap,layer3_allium_lending,1616,1588,13.67,20.88
07,2021_Q3,2021-07-01,2021-10-01,per_layer,unknown,unclassified,1127,1122,9.53,14.76
07,2021_Q3,2021-07-01,2021-10-01,per_layer,debt_swap,layer3_allium_lending,237,210,2.01,2.76
07,2021_Q3,2021-07-01,2021-10-01,per_layer,liquidation,layer2_allium_liquidation,52,52,0.44,0.68
07,2021_Q3,2021-07-01,2021-10-01,per_layer,liquidation,layer2_trace_function,41,41,0.35,0.54
07,2021_Q3,2021-07-01,2021-10-01,per_use_case,arbitrage,,null,5793,null,76.18
07,2021_Q3,2021-07-01,2021-10-01,per_use_case,collateral_swap,,null,3095,null,40.7
07,2021_Q3,2021-07-01,2021-10-01,per_use_case,unknown,,null,1122,null,14.76
07,2021_Q3,2021-07-01,2021-10-01,per_use_case,debt_swap,,null,210,null,2.76
07,2021_Q3,2021-07-01,2021-10-01,per_use_case,liquidation,,null,52,null,0.68
08,2021_Q4,2021-10-01,2022-01-01,per_layer,arbitrage,layer4_dex_interaction,4472,4427,53.6,76.68
08,2021_Q4,2021-10-01,2022-01-01,per_layer,collateral_swap,layer1_anchor_contract,1513,1513,18.13,26.21
08,2021_Q4,2021-10-01,2022-01-01,per_layer,collateral_swap,layer3_allium_lending,1312,1236,15.73,21.41
08,2021_Q4,2021-10-01,2022-01-01,per_layer,unknown,unclassified,706,706,8.46,12.23
08,2021_Q4,2021-10-01,2022-01-01,per_layer,debt_swap,layer3_allium_lending,339,278,4.06,4.82
08,2021_Q4,2021-10-01,2022-01-01,per_layer,liquidation,layer2_allium_liquidation,1,1,0.01,0.02
08,2021_Q4,2021-10-01,2022-01-01,per_use_case,arbitrage,,null,4427,null,76.68
08,2021_Q4,2021-10-01,2022-01-01,per_use_case,collateral_swap,,null,2147,null,37.19
08,2021_Q4,2021-10-01,2022-01-01,per_use_case,unknown,,null,706,null,12.23
08,2021_Q4,2021-10-01,2022-01-01,per_use_case,debt_swap,,null,278,null,4.82
08,2021_Q4,2021-10-01,2022-01-01,per_use_case,liquidation,,null,1,null,0.02
09,2022_Q1,2022-01-01,2022-04-01,per_layer,arbitrage,layer4_dex_interaction,5904,5868,54.51,72.31
09,2022_Q1,2022-01-01,2022-04-01,per_layer,collateral_swap,layer1_anchor_contract,1960,1960,18.1,24.15
09,2022_Q1,2022-01-01,2022-04-01,per_layer,unknown,unclassified,1390,1383,12.83,17.04
09,2022_Q1,2022-01-01,2022-04-01,per_layer,collateral_swap,layer3_allium_lending,1288,1240,11.89,15.28
09,2022_Q1,2022-01-01,2022-04-01,per_layer,debt_swap,layer3_allium_lending,239,186,2.21,2.29
09,2022_Q1,2022-01-01,2022-04-01,per_layer,liquidation,layer2_allium_liquidation,25,25,0.23,0.31
09,2022_Q1,2022-01-01,2022-04-01,per_layer,liquidation,layer2_trace_function,25,25,0.23,0.31
09,2022_Q1,2022-01-01,2022-04-01,per_use_case,arbitrage,,null,5868,null,72.31
09,2022_Q1,2022-01-01,2022-04-01,per_use_case,collateral_swap,,null,2430,null,29.94
09,2022_Q1,2022-01-01,2022-04-01,per_use_case,unknown,,null,1383,null,17.04
09,2022_Q1,2022-01-01,2022-04-01,per_use_case,debt_swap,,null,186,null,2.29
09,2022_Q1,2022-01-01,2022-04-01,per_use_case,liquidation,,null,27,null,0.33
10,2022_Q2,2022-04-01,2022-07-01,per_layer,arbitrage,layer4_dex_interaction,12120,12078,61.44,82.27
10,2022_Q2,2022-04-01,2022-07-01,per_layer,collateral_swap,layer1_anchor_contract,2733,2733,13.85,18.62
10,2022_Q2,2022-04-01,2022-07-01,per_layer,nft_operations,pre_filter_benddao,411,207,2.08,1.41
10,2022_Q2,2022-04-01,2022-07-01,per_layer,collateral_swap,layer3_allium_lending,2228,2184,11.29,14.88
10,2022_Q2,2022-04-01,2022-07-01,per_layer,unknown,unclassified,1661,1640,8.42,11.17
10,2022_Q2,2022-04-01,2022-07-01,per_layer,liquidation,layer2_allium_liquidation,72,72,0.36,0.49
10,2022_Q2,2022-04-01,2022-07-01,per_layer,liquidation,layer2_trace_function,41,41,0.21,0.28
10,2022_Q2,2022-04-01,2022-07-01,per_use_case,arbitrage,,null,12078,null,82.27
10,2022_Q2,2022-04-01,2022-07-01,per_use_case,collateral_swap,,null,3401,null,23.17
10,2022_Q2,2022-04-01,2022-07-01,per_use_case,unknown,,null,1640,null,11.17
10,2022_Q2,2022-04-01,2022-07-01,per_use_case,debt_swap,,null,427,null,2.91
10,2022_Q2,2022-04-01,2022-07-01,per_use_case,nft_operations,,null,207,null,1.41
10,2022_Q2,2022-04-01,2022-07-01,per_use_case,liquidation,,null,74,null,0.5
11,2022_Q3,2022-07-01,2022-10-01,per_layer,arbitrage,layer4_dex_interaction,11502,11455,65.61,89.05
11,2022_Q3,2022-07-01,2022-10-01,per_layer,collateral_swap,layer1_anchor_contract,2118,2118,12.08,16.46
11,2022_Q3,2022-07-01,2022-10-01,per_layer,collateral_swap,layer3_allium_lending,1834,1803,10.46,14.02
11,2022_Q3,2022-07-01,2022-10-01,per_layer,unknown,unclassified,1061,1047,6.05,8.14
11,2022_Q3,2022-07-01,2022-10-01,per_layer,liquidation,layer2_allium_liquidation,340,340,1.94,2.64
11,2022_Q3,2022-07-01,2022-10-01,per_layer,liquidation,layer2_trace_function,331,331,1.89,2.57
11,2022_Q3,2022-07-01,2022-10-01,per_layer,debt_swap,layer3_allium_lending,345,312,1.97,2.43
11,2022_Q3,2022-07-01,2022-10-01,per_use_case,arbitrage,,null,11455,null,89.05
11,2022_Q3,2022-07-01,2022-10-01,per_use_case,collateral_swap,,null,2635,null,20.48
11,2022_Q3,2022-07-01,2022-10-01,per_use_case,unknown,,null,1047,null,8.14
11,2022_Q3,2022-07-01,2022-10-01,per_use_case,liquidation,,null,353,null,2.74
11,2022_Q3,2022-07-01,2022-10-01,per_use_case,debt_swap,,null,312,null,2.43
12,2022_Q4,2022-10-01,2023-01-01,per_layer,arbitrage,layer4_dex_interaction,13046,13006,57.54,70.48
12,2022_Q4,2022-10-01,2023-01-01,per_layer,nft_operations,pre_filter_benddao,4890,4133,21.57,22.4
12,2022_Q4,2022-10-01,2023-01-01,per_layer,collateral_swap,layer3_allium_lending,1661,1604,7.33,8.69
12,2022_Q4,2022-10-01,2023-01-01,per_layer,collateral_swap,layer1_anchor_contract,1596,1596,7.04,8.65
12,2022_Q4,2022-10-01,2023-01-01,per_layer,unknown,unclassified,963,919,4.25,4.98
12,2022_Q4,2022-10-01,2023-01-01,per_layer,debt_swap,layer3_allium_lending,279,233,1.23,1.26
12,2022_Q4,2022-10-01,2023-01-01,per_layer,liquidation,layer2_allium_liquidation,129,129,0.57,0.7
12,2022_Q4,2022-10-01,2023-01-01,per_layer,liquidation,layer2_trace_function,108,108,0.48,0.59
12,2022_Q4,2022-10-01,2023-01-01,per_use_case,arbitrage,,null,13006,null,70.48
12,2022_Q4,2022-10-01,2023-01-01,per_use_case,nft_operations,,null,4133,null,22.4
12,2022_Q4,2022-10-01,2023-01-01,per_use_case,collateral_swap,,null,2328,null,12.62
12,2022_Q4,2022-10-01,2023-01-01,per_use_case,unknown,,null,919,null,4.98
12,2022_Q4,2022-10-01,2023-01-01,per_use_case,debt_swap,,null,233,null,1.26
12,2022_Q4,2022-10-01,2023-01-01,per_use_case,liquidation,,null,138,null,0.75
