transaction_hash,block_timestamp,quarter
0xbe4dd939dc0c2225e9bf6fd09990150e95d7cba9705ef6b13cf914402a013161,2020-02-27T23:45:59,2020-01-01
0xe4587af4484e7075472a063e1767b8e59eb84276528644303f458a4a7a38aa11,2020-03-29T07:56:03,2020-01-01
0x8ea143ae8b046defdf82f5e86e7ab39cd8dcff5dc7a132ea51aab7f2d06c8c4d,2020-03-12T12:32:29,2020-01-01
0x4bed83594fd2de8beb0e03f1cfa1201b5424e976846563c9b00681cf2d30138d,2020-03-28T16:25:56,2020-01-01
0xb4c4a108d70e96261af8e68d0b9deb80ca13ba1f6765ce35f730c92cadb35dde,2020-03-20T18:52:07,2020-01-01
0xb61b20c6708e235888d884fb66d058f9f8574a2a63c90b9aa00bdb2c0798d0d7,2020-03-30T13:02:37,2020-01-01
0x46316f041ad67c5bc4cfeb3a2fc7584da71da45c58a297d4b10ec00f88965b08,2020-03-30T22:42:30,2020-01-01
0x0f55695755817048e401c91e1278ee6b2e6d10a5a0a00d81d84c712c5372e29e,2020-04-04T14:52:19,2020-04-01
0x57489be67c4c9e4a57c85d6a10e977c40d31623547e513932847b0342e157b10,2020-04-14T18:54:02,2020-04-01
0x1e045b198cd8b9eea21d727fd427f9652db6c4b83a27b6326ec2c368080e1614,2020-04-06T16:10:14,2020-04-01
0xedc3fec36c820247d0e9fa03112cc6f39f7a74739c7fefc41595d64d448b80f4,2020-04-11T16:41:58,2020-04-01
0x55397fcfc54d9c2cd7d72a071a6b82d9ef3130b11a3518b811c273b2df63fff8,2020-09-12T16:46:15,2020-07-01
0x9d93735f1c2b19a0a280b90a6926692665053f2efb34e72dcff598b3fce291fb,2020-07-24T10:57:26,2020-07-01
0x5e49972e1e97072d2a84a5395d17a688d79400a58bab056b5ab7baa078d12ed8,2020-09-01T20:12:08,2020-07-01
0xdb40b6a8e7090bce16816cf544cd505fe8093f21811f1a1606adf0bb274ca226,2020-09-19T18:36:35,2020-07-01
0x0df8f9862feb01cb85c423222aae5be354b953641caff878c5218678490b3fa7,2020-08-31T19:07:02,2020-07-01
0xd2f4505025bdc4a36e9ddd7f064c90d76b48139b2212f665520c1436a9ad37ce,2020-09-04T09:04:58,2020-07-01
0xb3f54bf94c12fd90f22d1aca324de27246061ae4818d5037877ecdeeeb9d5740,2020-09-10T20:53:52,2020-07-01
0x02fee70aebbab33a2f822b9661480248b84d3bdbcae1b2ed1abc24fbce86c418,2020-09-23T21:04:29,2020-07-01
0xa4ea25f8fb42d3304d6d105115d52e0167c532d6f0b8e0f567d5be1dd48757ce,2020-07-30T15:28:06,2020-07-01
0x7431a985402f168b3fc1cc9e8aaaa6041473951a6b68c04fccdaf1a2576790ee,2020-08-12T01:50:15,2020-07-01
0x168a8eb5ff750884d84cc28562467e54315b30d1ecfcda99971a8aa1b16bf55d,2020-09-21T17:35:14,2020-07-01
0x8392b6e8fba2cb4f89b1fcb19b0d8debfe62028e8468cdecc66353dd3b600562,2020-07-23T18:40:26,2020-07-01
0xa46f39c87b3fb6b4c26968dc276285cd9a9cc88337bc91c3585f9466a9aa0e27,2020-11-25T02:08:30,2020-10-01
0x2ef9b3b364691fca5bd3f98bc08390861a4fbca22ab445323c78725db76aa4b4,2020-10-11T00:09:22,2020-10-01
0xddcda45b9c6dea5f47513fada76b048634168f8d00f7a1cf4566c4a3488c1579,2020-10-03T20:03:36,2020-10-01
0xd164ce0b030c06a9775e0f5ac31246f6b1e4e4446543e7971603759edbabd680,2020-12-24T02:10:16,2020-10-01
0xbc62da527878a03f1372dcd6214ec2ae7c157b67c99b783876bd3f665a75d664,2020-10-01T07:58:35,2020-10-01
0x0b829e702d998cd8c949c549bd46df5f75c57e5111147f2d71ff3e952d77f54f,2020-11-24T01:03:19,2020-10-01
0x3e4f456141af0f384285d2262435da8983d31801f232c9a41d3dddd240c7bc21,2020-11-30T15:21:41,2020-10-01
0x980c1a31c15ecb70cd395c21aa27dfd88ef3c11ebca1ac345b1c35c7fc9cf78a,2020-12-25T12:33:42,2020-10-01
0x9f39f449c06911b3392b2dd34b88e5e29ccaac5a07b22d62dad1304900023d8c,2020-11-16T03:46:13,2020-10-01
0x144e429f4c78620296b551c858ed6e8007a1bb03d60e0a79d7b19cbbff3fc65a,2020-12-26T04:13:19,2020-10-01
0x0b3cea6caf5a43ec2de0677f226094faf6bd3365c5271043aa6d8d45165fa688,2020-10-22T00:24:00,2020-10-01
0x5250495e70c059fc16f270b3fc02028fb35d6d65a3d4e76ce97fc735e39a896f,2020-11-05T06:44:04,2020-10-01
0x04e4cd8a8e9e764c6df57b52ed2448bc4eb54e36d93800720c39470e7fe879f0,2020-10-15T18:14:50,2020-10-01
0x96b2d54e96bcd16b472d7fb2e1080b5a067ca7c39de4279a696d2ef6d40b4c65,2020-12-18T10:19:38,2020-10-01
0xc49d7acb4a23ae56631b36eb46e290af77eb797578eb9539c922d019c2404d7c,2020-11-16T21:09:20,2020-10-01
0x84b14239f16f0f607b569e3d86c9ae53c4204318e6b9fe238f6a1170956d702c,2020-12-31T17:33:57,2020-10-01
0xfc6088693f02715cb4cb02a0431c6cde07f9fe3ff0d72bb2afd9c5a212614c3c,2020-12-08T18:04:07,2020-10-01
0x26e6c713544a340870ff314a2dd682a46996819d08dfdbed6dde5ac093cd8ded,2020-10-16T04:50:37,2020-10-01
0x3365e7dc22666435fd991ae3d76ca14fc7ac1b2ec6fe7568b357f691470a7555,2020-12-24T12:26:47,2020-10-01
0xa003827b47c82e5f9e101b06b7048eabea1375c748e9664f4c03caf35f825f08,2020-10-05T19:56:22,2020-10-01
0xdacc2ca82783395af327a736d8a04500416e8825c1d420d184cf258cff6dbd61,2020-12-11T08:47:20,2020-10-01
0x985e14788595adf026f62414ff5a65c9b8c3d324d6ea1253bf574f9992e1aa66,2020-12-04T17:07:00,2020-10-01
0xb40f664e89498f595f904a76805e22681ba7f9517c91ecb53c580d08dd81d6f8,2020-10-16T18:16:03,2020-10-01
0x7d9ae0c20953d178fd79092e7ef332f4880293498d0c0dc0d4ceaa30e5a8a14c,2020-11-28T20:20:25,2020-10-01
0x61738d02a39073eceec784d63920c3e899eac5fb6b1e7c74377a3cfbf0ce015c,2020-12-27T21:13:51,2020-10-01
0x4c64dce4c991d2f41d122292e3c8e2c9216bb2691b4d32a072b2d5741af0f4e4,2020-12-16T13:51:32,2020-10-01
0x41fff8bf827e6a26275b2b4cd7ff8cb91684ad508236f3fb3bdf840baf8651b7,2020-12-01T12:38:42,2020-10-01
0x6290c22310d33370edaf09aecbaaecf8fe133f3ff0de14e4d4db0a5197589c63,2020-11-22T11:49:50,2020-10-01
0x73e2534c3e4f831d42791e74ed4c78d9beae9a175f13f3ecaf0d186715217672,2020-11-30T15:32:21,2020-10-01
0x91a9b986b03fd4d5985f58565b24cefab8caa91430d74fcd6a84a37eb50f652d,2020-10-25T20:04:54,2020-10-01
0xa6619b829b4f0349e54d4560bdee2d5a6d56706ace6f7c70f2deeb9c38631668,2021-01-17T20:45:39,2021-01-01
0x00182fe0b1dd9bbc55f23f88249d42fa406acfa366ccb3484c024af555ca1953,2021-01-09T19:27:24,2021-01-01
0x2c0ab9c6dad9da7258670cf2722705bddc195cfa1edfa0631fc2cb4ffb2e0549,2021-03-22T09:39:44,2021-01-01
0xa8551c168a33071413958088145ff999ce9d21e0bf76a80e8b649b9b4755114e,2021-01-26T06:42:01,2021-01-01
0x4423604ffb1e207c864006cd90d3b487918198a19595014da5393ad73e217e9e,2021-01-11T23:39:51,2021-01-01
0x1f09d31cab4bcf136b629e05231f3b568f9330df97b46b0d4385e4a62a216208,2021-03-16T01:22:57,2021-01-01
0xf6607990d84a947f27c13e5d8e4d96c57a5e10a72c111468bf865fe9e5b8b68a,2021-02-23T08:05:10,2021-01-01
0x25278568b630301496c60f3c234e75e51b95e12d7f9e156c6c4dc62a09e50223,2021-01-23T13:07:34,2021-01-01
0xa46e28803a80781fe32de1c62e837f16a172c6573d39519ab02d041d889a850f,2021-01-15T23:02:25,2021-01-01
0x64e8a684945d07b90882956c59546b38a8583764e1b580d39ab67bba3901ca24,2021-02-06T05:49:00,2021-01-01
0x09fd8b428abd470538f136e36ecc0cc73551677cdba7a31830dc746d193da944,2021-02-16T20:23:14,2021-01-01
0x6bb5cee65978cd919f604bb93e8a2c1a521f000f8a11e7ba3f48ac198c5b4711,2021-01-11T14:25:33,2021-01-01
0xf80e6ca741a4b503db1f6b9416aa56f38b202c838a865c3a21d42b32c64dbf64,2021-02-23T10:41:22,2021-01-01
0x7f288e0ee59844786df26df4e185d092fa648b9d5d432f5abd82810dddda7658,2021-01-23T19:32:14,2021-01-01
0x444245a52d71bc863d55f9937893c512cabedeaadbe2fe219fae15a02aefdf8a,2021-02-22T01:53:14,2021-01-01
0x766092b725631b175bda1ae36d4d586ee58bd83c5697b71a44c23616c17d20c0,2021-02-05T16:44:00,2021-01-01
0xdc4d1d59fd2eefcfd16331edaf919e661216b6212658ff2d883f1c1c246dfcd9,2021-01-31T01:09:50,2021-01-01
0xa3985c136a8c56debcbbb58e557720f062079de85036c448c8130104553799b6,2021-02-19T01:00:56,2021-01-01
0x8abb41ca841713868021ba8e5361bdd43084fce72a6f7c1a10cf9a28145f9675,2021-02-04T03:28:57,2021-01-01
0x378024a9e40dc1eafd38d76540a8da009fbe14b78f43f5d92eeab9eab53c6f53,2021-01-13T23:53:29,2021-01-01
0x9e6f4f79e13d5eee19d348a2fcdfd3431567f96e6d418ad4c79977fbb4c82197,2021-01-12T14:09:47,2021-01-01
0x19ca50114c4fa316898cead1865080ce9251d6bb7b295b2914d9909ebee7b71f,2021-01-19T13:00:34,2021-01-01
0x4871a59f4aadaf12a7573fe22df96757c6b3c3c981f8953d355f8d78c7525b0d,2021-02-23T07:42:32,2021-01-01
0xc8b6050711eee80f49365f018ef65ca955476caf69e4db640881a7496c157bc5,2021-02-08T01:44:11,2021-01-01
0x2abcee256aa0da03efc67d647d6928d55d806e0b819faa69ec24c2475c0b1d15,2021-01-27T12:12:29,2021-01-01
0x99142049e54eb8580ded8ee3cb50a65d5a45717cec6c9802ec80c9222ae0aee3,2021-02-23T07:06:13,2021-01-01
0x1cd11e75bb90f18932993cb9f49201bea2a65cf4436b7e7decff26f76d4364c6,2021-01-09T09:20:57,2021-01-01
0xaa080c2114b4eb8d83eef8451dc4bfa962266a3a97db80c84ae80a29f806eba1,2021-03-23T23:46:07,2021-01-01
0xb5537427d784feb85a68188ad536070c87c5c67614845d88134b1a3688f8719c,2021-02-07T03:21:03,2021-01-01
0x314e8f4c2fc9c92da64f903e18b02dee39aba7369d5fdb9c2ad0548b02e456c2,2021-01-14T07:44:52,2021-01-01
0xe9b80fb7d2c21c813ee0340b9ed6e72f53ab6a6a4ca41c65d7f48e6ed3cc6a63,2021-03-25T18:25:33,2021-01-01
0xec3e34fcb151c24ceb1e1ddde540cc4fe549b877f2c35a8b390acd4a76a20f64,2021-02-15T02:28:05,2021-01-01
0x3962d5d9839ad6c07cd7478072856adfba9390ee1a3c262e68f2d6d7540b9758,2021-02-12T09:02:57,2021-01-01
0xa0c1ce9be9f64bd01be0551b778bacf9bbe888e5f0bfb1848afbec3bfa2ad88e,2021-03-07T15:27:19,2021-01-01
0xf9e0b95eb993fde45716b72e1c736b0f1f05dee7fe503cfe313e5db3fe10e017,2021-03-04T10:06:24,2021-01-01
0xd4750f8bb5beb1edf32684d20ac6ecf212ba60d6d8fc983c11f0c0b64cee3b8e,2021-01-04T10:09:54,2021-01-01
0xdf7cc6649d42e8062284939b407bb69582bcf79bf708f612642683a143ac4427,2021-03-02T07:15:48,2021-01-01
0xb1a54a7496589fce7ed376f3b5d0ca97c70905a16aef1a3074067cfd4a7093d5,2021-04-25T21:45:39,2021-04-01
0x89b3141f562b3e00ddfcf6dcb02f7d04d6cc2bb0ce873e1936905db12744d6e5,2021-05-11T00:21:33,2021-04-01
0x463a82beac3d8e965328fcdb99016c53417e0fac7f42759aa6f3e34f1e000715,2021-05-23T00:10:55,2021-04-01
0xc9dde78746d76ac410c47edba4d9e1d9b27beaf57a7249b6ee2bf9ceab1d6a10,2021-06-04T17:48:45,2021-04-01
0x6bb075e9bc4eb01f75cb208d3c360ef1909c4a8a1d6aa75ffe8f9394c3cba19b,2021-05-28T01:21:26,2021-04-01
0xdab71abf00526ebe1fd80c6cea607a058ae05a015432816d73025fc445b802a6,2021-05-30T05:21:55,2021-04-01
0xb6efb6829f5a961ef202d3f11f0bb16774d2f5f20fccb47d7532be956fb0dbef,2021-05-12T09:45:29,2021-04-01
0xe40d95a5b73eab40a709abf3c3b8372539d10e8b1c5aefdae4a97cd5b9eb4280,2021-05-11T10:15:09,2021-04-01
0x0d8db03d036272da6106eb811aed6b4e79efaf57d6444a603c7e9450414dc5ac,2021-05-19T14:54:47,2021-04-01
0x8537d8923489ea14ee4eada6f412003dc204848334b11f71422a449975a1c695,2021-05-04T20:55:31,2021-04-01
0x0e1f579d6d844acfefed7be143a709efb7983037863f3283e6605a15ba8d8136,2021-06-10T07:40:37,2021-04-01
0xa0842fdd7998cde41d3bf923406a292668705b65e5c0e76f9413d35b5c540ce5,2021-05-21T16:06:57,2021-04-01
0xfcbafb9d54fd43210c4cd4669747907d544fbf2ecfcd6cd832bda8006ee39f61,2021-06-03T10:35:32,2021-04-01
0x795be16a92498b7e0be28a27d53f006e72defe7578a3dbd5e11b223b4f84b216,2021-04-27T16:25:04,2021-04-01
0xb6949913f3e9cffafb82360f4baa1d782089aa4509e96ea425bab910bc98acc3,2021-06-16T23:28:58,2021-04-01
0xe2d563b5a74553ce3ea394a37af0e24430bfacfacb15b689e9df0ca3b7450362,2021-05-13T23:51:22,2021-04-01
0x7ba2776bb71f977ea43a034b9e5e30d12d6e6c839d153ca0e8184ffd4d5bd440,2021-06-02T14:02:42,2021-04-01
0xad39dc37696a7c5808588d589a7e9d1aa52ebfb3850de973cfd8a3b168e1b150,2021-06-29T04:11:31,2021-04-01
0x1cb6e88bf5036c5a1343b5da8c05c0c6088ee3cde7d76373a839980059483c85,2021-05-17T12:11:29,2021-04-01
0x5d8e6792f67995af5789120e51bb4872a548cc06afaaa4bc156d3a77d45d31d1,2021-05-23T13:06:58,2021-04-01
0xe5fd59f9f402b9d24755a6acb0928ae32f127355637b5ee18daa88d4d28b85a0,2021-05-05T05:12:26,2021-04-01
0x3805c502100f1168baad07d94bcb35accac078540121a28ba99bc43b33fd976f,2021-04-15T14:18:23,2021-04-01
0xfc7983c02295f350fc45479625949fb68a6fd49ea6495136c026b0dfe17d2d7e,2021-05-19T12:10:12,2021-04-01
0xdb8e76b9703fa9707c6633eb07bc243281c05c8486d225061314ed6b45be91c3,2021-05-23T18:11:56,2021-04-01
0xb18ed4bb2d4292fb6262c8919d7a4d697c3a7fb67afbbe6cd6ded882dcc6f7c9,2021-04-27T21:16:09,2021-04-01
0x099bf5600d7510343805d993b9c3dba2f7898b61f3b7deeddaea98db9976cf18,2021-06-20T07:45:40,2021-04-01
0x3343ce6b3f24184b7085d8f61ee3a0258d7943f7ad9cbe0df4ae3c1dd20a7eb8,2021-05-19T20:11:56,2021-04-01
0xd705d47aec3c8a11fb01fa63a68472ff3db5603178c16bf3767c13bcaf2805ed,2021-05-13T18:39:02,2021-04-01
0x707a60f8f6b5e76b5918ea6d985b7f1f677fae1fb013105d8cd66900afe429f4,2021-04-01T13:18:33,2021-04-01
0xb0577f452afbeb47b58383a8eba4efc3288932300fac3c7fac1da223224f9098,2021-05-29T12:57:11,2021-04-01
0x8483319a8527e946c109349707f1c3274aedff8226c7cfb20b464ed58da7b4b8,2021-04-14T21:17:45,2021-04-01
0xede91f8289809a4799c5d4ec345b2efe60d0a84c9f329533e513766557b31cc6,2021-05-22T17:42:44,2021-04-01
0x90917696348908ce1b5ead614706e47c47f975ba163d46a513a57dd4f0be1d89,2021-05-19T13:06:08,2021-04-01
0xff50885d6954c7eb7a3dfff98cda92322434430467d1d16da437176522c0716a,2021-06-21T22:11:21,2021-04-01
0xbe700d013cc3b223950c623efeed345d70e1d0caa0d250885e9bc16e36c54e3f,2021-05-01T01:47:18,2021-04-01
0x957e3db637330b3c7b4aa840167129bc4ee778a18552cd22e74b09c81f08ae50,2021-06-07T10:21:15,2021-04-01
0xdc103c83118f262a6e33dd3d52c3a53304d32a11761e8feaba782afe52c12a79,2021-05-19T11:04:29,2021-04-01
0xe5da1e1bb3919d8db43d44e01553a64cbb6893758eb27ab3980224665bd96653,2021-05-28T23:48:38,2021-04-01
0x31eca4f0a68a45d3da4371a9bb464f70435bc5a653f12871ec9ca0da17abe72a,2021-07-14T03:29:20,2021-07-01
0xfdf8cdbbd497f0fd4dfe5ec618b2ff7c3b1e28d2769341ba92b40ebdc9f69709,2021-08-04T15:41:27,2021-07-01
0xaa5a8bf6ce30cf2c26b3f5eabade7829352a7f052ba715a20562e66dd9fe02d5,2021-09-07T20:04:02,2021-07-01
0x32adcc2a58c242b219a898d7f95bae58487904ac22837abde88e952f7a8862b5,2021-07-05T11:55:01,2021-07-01
0xe801d3bcd2d37db5d89990120db29182b5414d115ac86e3560a915640d24b4f7,2021-07-26T08:31:46,2021-07-01
0x6ae04d29d816b56dfce9d33153d24386899920ac2c6c3c48273d8b3eedb6c58b,2021-07-03T22:47:48,2021-07-01
0xa8b22247a7b6831a8ba4607dd8f31e73ff0934df8ddf4e3acc361e4a35b874da,2021-08-03T16:39:57,2021-07-01
0x6c29cbf3974e2aa84aaf60689c19a123cbe12691c5600068d3db308a301bb477,2021-08-13T12:00:59,2021-07-01
0x3ca5e194ab0be1015c25e91d0fbb3597ecfede302048d3547431bf95b9e8dc24,2021-08-19T00:25:48,2021-07-01
0x1bb59da7f18cd3cdde7422a6df25a36559732e7a6b0e7f968139d1beac2a0ec6,2021-08-20T13:27:06,2021-07-01
0xd166481bd2a45741be7d85281d9e58af13784e59507ad5edfd1f7ba286190940,2021-09-18T20:27:07,2021-07-01
0x46ef625b5979c6d85886ec0963e5c7792955147492b3c1ff45b2238d56c0bbeb,2021-07-15T10:55:36,2021-07-01
0x99709cf3b736f789900d8f4ac6f24873eaf967f4db4b5175ef0518f1b0c05313,2021-07-31T21:14:22,2021-07-01
0x3d6f470756416a38ed8a3646199f5bdc08cdd6569ce29ec87cfb01890093e335,2021-07-26T19:45:45,2021-07-01
0xc992a0f31acb4c26a648a8ca0ba573b483a7b9f24d67e2fd58714feb87d92cc0,2021-08-20T00:26:28,2021-07-01
0xdcc7ab1a41c0cc434639242e736da9c2a7dbb8c0a5d39e626d6ea94555338a19,2021-09-16T21:09:05,2021-07-01
0xe0a42b226632e74b3a21b1cbb8d61fe3b86a769229e8f4400e5ac7e5dbaee4ac,2021-07-03T09:42:45,2021-07-01
0xdd7e7991e7d97f89f71963f1556fafa0f14a6c6153d405734a9342ef47a01ee1,2021-08-19T03:44:57,2021-07-01
0xa7e5986458e7e8071379a8a2193b93a1ee38c98fa7d498178a93334acc047863,2021-07-11T22:35:48,2021-07-01
0xbb97a3270aa1624fb5c2db16bc660911e3569fd8561be1eafd31887cf6c29b25,2021-07-15T06:40:19,2021-07-01
0x7b1ff539b992d4624ffc2541e7f3ca5d0837eb819025b3301b3374aa1d83385b,2021-09-13T17:09:17,2021-07-01
0xbf29899ccd3326406c12b1bf76dc1f807a73c8eef72f6ef65019215057c1fa19,2021-07-12T19:54:33,2021-07-01
0xee59f9a4fd2ea566026031feeea77f888fdab605c358184fee0b469f30ac816f,2021-07-15T19:32:15,2021-07-01
0xce8d32f4294e432b8e6fb43ae60a45ddade30fd1e3d680f640fa41d83ad5eb58,2021-07-20T02:29:03,2021-07-01
0x4d252d5595a5f0e9601589e74c3c29a42e74a8da90f36a4dc71c8d3c311a02c3,2021-08-24T08:53:16,2021-07-01
0x0bda60beb17f1f6f9e1b1ea571cacb13e7e110500b613cde437bcfc1b50462cc,2021-09-08T08:05:34,2021-07-01
0x4b9976da85193cac49d9c0c804b24606de808f17eaa72ef53a0c5b3859dfc311,2021-07-13T10:00:30,2021-07-01
0x2275da19cb3eca4c9fdfc1c47c1a0c3d2fb3533cbf2533b7a277b66ee2697682,2021-08-05T12:45:12,2021-07-01
0x6c44b4b3f4d122b91512c0eab651f9944f9e287945fb60aaaea8a7e7675957a1,2021-07-19T20:56:16,2021-07-01
0x484bda69f551bcb882c750304da71eb0cf1180b27a197770e2457c30afc3ab63,2021-09-26T16:11:37,2021-07-01
0x3d4697b49bb44c1389da933d5457859cd44934ffec77d25a24b76c36c5ae2638,2021-08-07T11:06:41,2021-07-01
0xfeae76a4092579f4454c637e1df5bf445b6b5ba71e9291b2e63fc8292b296598,2021-07-03T19:48:35,2021-07-01
0x72b264d44cdd15d9f458077e97451c44e1ff0e7da60d797e05a81d607ce8319f,2021-09-26T01:10:07,2021-07-01
0x377f7b41d3d3862dd005a236bd327884732e2d6e164b088b119fa658691ea2f5,2021-07-06T12:29:33,2021-07-01
0x4d17c2d2b5900727c88841bd8180aa4a7dc6e07e5fa667f8b3e6208ebac921e5,2021-09-25T01:42:21,2021-07-01
0xa6318018f67651428f66c3a7bb4e64a00e1c9478ef18dc3521670218ae2790c2,2021-08-15T19:34:28,2021-07-01
0x38a760cb68aca7218687080c4774cf52f3469ad4bddd31e430daecbb03d1b30b,2021-07-26T16:24:32,2021-07-01
0x7be9225a88f1d8f3f365fe7b02f1fd198af1735449f87702dfbd33ecbb52fcb8,2021-08-20T05:13:15,2021-07-01
0x118f2c312f906cfa15518c28de30bb7fb508e717819835c79d86f4304bf746de,2021-12-03T21:23:30,2021-10-01
0x4904a80c8f6e8bedf5a8fd87d2af9f7ffd9018331db5844995b3a90f2d286573,2021-12-14T21:33:45,2021-10-01
0x1e00fc4d82da150208ac080162b739968cc91ef5359735b1557cebae67cc62c2,2021-11-27T00:34:48,2021-10-01
0xccf0f9e6b949699d93aaf218d6c4cd89775d2e85b14e0773966af9b5fe069355,2021-12-14T01:41:21,2021-10-01
0x73001437868abb4da637fab28d3b5fa90c04256eba4d45091470e533094249bc,2021-12-28T18:20:05,2021-10-01
0xa500a0de02c39638526eeb279deb3f1638f69274565f8b6261e7b1089986353d,2021-11-26T16:19:52,2021-10-01
0xbd130f874bdae470cb2918d5ad12408baa39b101041f86ca324af728b9f1cbd3,2021-10-29T03:16:56,2021-10-01
0xa6c648efda21bd07a927f01509afb78e1e52faedfd45d6de29df580977b9b33a,2021-12-24T01:45:22,2021-10-01
0x5833dbc3ee1ea51e63649aab37a05440632bd7b5e40244fff062f91fa14134e6,2021-10-15T22:05:44,2021-10-01
0x5ca7d57454c63b7eff8bec1f5e811a288834b32be9f4e0f2e559a25a897d187c,2021-12-15T18:04:32,2021-10-01
0xc43e231387df23cee82bde209ca2eb85a8409713c8b9bad9eabdaa6ff1e731ad,2021-11-25T15:58:45,2021-10-01
0x30bed66232bc4748c8dbc840a998dc634d642eafe7312415bad1e3bbc0119d96,2021-11-28T22:17:39,2021-10-01
0xe90b5aa1f9b6e03d362da1c704ab46c01f2681e3454e01d49db5565fc0f4db6e,2021-12-17T12:59:04,2021-10-01
0x25593103be24f80643b7a95af925abad4f701e0d4b90029bb5ef390fe36572aa,2021-11-02T04:55:08,2021-10-01
0xf58ca7b7dfb4c2df16ac3bff4eccb5a396bc62bd6251507f2f36ecbf81a5a245,2021-12-06T10:28:28,2021-10-01
0x8890a64286762ee99afa3351eb850098c6e9b07fb06b0bb069e26c3c250737b2,2021-10-05T11:37:59,2021-10-01
0xd7f2641b22ac185dd2072e73dac52fc41f591c8151cd1b20428550a43f85f48e,2021-11-21T19:34:08,2021-10-01
0x0bfd6d8abfea7923ffa0d8361dbb9d31ee706a60c6ff02c3a17bd20978315eb9,2021-11-17T00:42:46,2021-10-01
0xc6e2b9f907f6c4d77421462d7af8a90ab95a80d3692aa50fb9ca789cd84a993c,2021-11-16T21:44:36,2021-10-01
0x33e50914ee52b407f4058cbb47bbf41c633fef66ef39ae2f9336217a23280995,2021-12-04T13:11:03,2021-10-01
0x50b7cddead1daa14d3e6097bb0134b8c480cf80dfc7e800acb45d44ee47c42f4,2021-10-12T07:48:11,2021-10-01
0xd6ad88ceb64e28f64781e9774f9de096a7d005d0904feb7142cb0f9ca1a6a126,2021-11-05T08:02:50,2021-10-01
0x091bbaf9124626c14dd3c630d4e87d9785db0a5dfdc2bf18533426a76c97775a,2021-11-02T06:27:50,2021-10-01
0xf3d8b8ee8d5bfc29ecaa6bd090ea1f4ed84c57caca586ae9941c5d641e6b5c25,2021-11-14T03:27:43,2021-10-01
0x574dc197d89f75cf536e079aea2d6a4158e0edd634c5907770bc0b27cc65286d,2021-11-02T21:41:01,2021-10-01
0xefb4aeb5bf93706a0789946e1e16e1283c79060c4b8827439f3af68d5251b71f,2021-12-02T08:20:11,2021-10-01
0xa38f10bd3a8e16aedc1f12e438725f276bc9d64dc68170f8840fe38f24dd0bee,2022-03-09T13:12:05,2022-01-01
0xd34b580f40e111cf12bf635a10865b9dd95228686220dcbcf1d0d30f98975490,2022-03-24T02:04:37,2022-01-01
0x88246d6e2d051948def6799effaabaea68be8cec8be947f88b3775d09065d942,2022-01-10T20:33:49,2022-01-01
0x8f2b86705fdfea4f4a81648ed8408bc3d0dc65417c39f318c57add4bfa8c335f,2022-01-09T13:40:33,2022-01-01
0xbc1fb58dcd758fc3cd8a2c2b61acf482572fe5306505bc1d161708235cf4cdd9,2022-01-24T21:07:54,2022-01-01
0xa69fe38877df259e1a58b202fefd3ad1bca5424cd5f5d6a3a175a6df185a734e,2022-01-13T06:56:28,2022-01-01
0xc607767481e656b3d4a18d1e7208972559b65bbcde99a3b44eaf64f333f5d23c,2022-02-22T02:02:25,2022-01-01
0x071c923bd1b66399eb6573ca7f79dcf1bbd3936fd16f0c8dbe7f52427375cf2d,2022-02-27T23:21:16,2022-01-01
0x23509d6d42024c1c2a801eecc5a9fc7cf6b905bcf97cda4a9b3e359721b9e591,2022-01-20T23:25:45,2022-01-01
0x528720b4156e73cb7664eafaf49baeb7b63ec46643fcbaf3aa39c59a0b8c6587,2022-01-21T18:29:23,2022-01-01
0x96616f5f2285fa2a3136fc9961667fcf970a41f06a51daab8b0ff9dea4a32f15,2022-02-24T06:41:09,2022-01-01
0x094dd59217f884d0519232b7aef6bc15ef55b805c81abc6981a419fbd8094cbd,2022-03-12T09:24:37,2022-01-01
0xc5958f1d3122ae25e604f2d4cb2ed28a4c261f7a4f2067affca04aafefa18fd4,2022-03-27T22:55:06,2022-01-01
0xc3cde840c4b24fd9247a6e218ceb4411c1f151a0cb34d87181afae9019533b6b,2022-03-09T15:34:56,2022-01-01
0x19ffc35beab07b050ce48dcd48d62f5afd9766b376125f663b26ab6aeb4ee82b,2022-02-28T06:26:16,2022-01-01
0x2f3f3e9e54b42dce5fef614f49d04599fca287b3f9cf7a867d12d7118c3f94f3,2022-03-29T12:26:21,2022-01-01
0xd2fcf86eae3bde56bbb71b010cd65877bd48e9027ce45482fb1d206cda6885f1,2022-01-07T04:12:47,2022-01-01
0xce3dfb4f62885415e7bf8562ec42e6dc5af605bb3a9072ec9cc009786057d242,2022-01-21T20:18:19,2022-01-01
0x966ff1aad35f87bc615fd2fe57ef3ca902e21425266a440a5179668dfbbbf0b6,2022-03-08T12:38:26,2022-01-01
0x219ddeab24ba07f30249168170ae2c2c97760419302e63b0a9f4e7878837b3e4,2022-03-15T06:52:43,2022-01-01
0x06438a05eedba335c7de0663b838d67ad895e2088129664b12dbaa0892f25423,2022-01-22T09:41:07,2022-01-01
0x5d57f25cb9b150e5191a03f53bea06c8bc1b8b2932deeaab1e2a21e04ff95c53,2022-01-18T10:47:46,2022-01-01
0x046790cc0bc7c011a2c0193f98144b894d42a1d10c4c24c3f0f29ee3eb806771,2022-01-21T21:44:51,2022-01-01
0xa9440ac8f2e683045cebf46b13e51bb324623621b1cd69c93e9936113c6f3ef8,2022-03-06T02:43:53,2022-01-01
0x06f9b04eccd76246c5b90d832f16a916d7bb7b06c074bd7fe5d467d6861e0562,2022-02-21T18:00:10,2022-01-01
0x33d7b73f8944a2337786cc7ed427d3be5a0ba545d05003af21e5375dd0f8d48d,2022-03-07T21:24:29,2022-01-01
0x53bad377e64ef608aa2015336e1817caa67a9df7b9aba8f999f730c691cd4b2e,2022-01-31T14:40:43,2022-01-01
0x3be83434103b13fa3230d207263bb45dde896bf6a057efdc279a58a34885b11b,2022-03-16T20:37:47,2022-01-01
0x0156407bee446d5bc521a53c74b99bf7574b56285d3934f879595f0c57a36aef,2022-02-10T13:58:11,2022-01-01
0x70799ec189670fd51bac9891aaf6aa877c35256eec50cb743744126eee555873,2022-01-22T14:29:06,2022-01-01
0xd708695e0c125e6492e36c24ebafeba679e142f6f83f81dee747ee586855473d,2022-02-26T05:14:25,2022-01-01
0x90c5c6e9ae54651a9d92a1638f9f6c87640484fe2235e00b508980ea53bb8f21,2022-03-12T08:33:54,2022-01-01
0xa787c413e55e6f83242acca08e026d7501db2cb8666197f69aeb4dfd4c15f0b4,2022-03-29T10:29:51,2022-01-01
0x8c42d073418f1bb82b52626eb8929b3ea627d96f0aeec27c72be853de2df0b3a,2022-01-06T09:36:10,2022-01-01
0x1ae7c46dafb7dc9ee47912a8820e48e692871329227e649b55888ee62740f8d5,2022-03-13T23:16:29,2022-01-01
0x51a280cd6249177fa0ac51c79d3c3d17fb9653941eedb54715b1aedfa28ea5a7,2022-03-10T13:52:13,2022-01-01
0xaad817741f3e2557ba632a67a2f30973ed52df6b82590e3196154f569a139bb6,2022-05-29T02:01:46,2022-04-01
0xffa0b65580e88a740efb23eb6cd356bcd84effcfc55554962760e570a7a81db3,2022-04-01T18:23:54,2022-04-01
0xa6fc168763a5b222c7fd7b855f8625b78c2e2fbb2b66a1a9bd7d17724e4a285d,2022-06-14T03:16:21,2022-04-01
0xc7f1f7c354824a35e4cfc0ead6efb370ab74945dd1d7a90126263703d56f2cbb,2022-06-11T17:24:30,2022-04-01
0x2fcb043576d76011aabd7fe859b31ba27a8795dc831122a12b2cf1df54ea387c,2022-06-14T02:33:26,2022-04-01
0x3f7261fbc820877d65a131e96230e895618ad6e05365549f5ba7fd2e1444c95a,2022-05-11T14:09:47,2022-04-01
0x0044eb1958f39a4456f6342c476fa87ede277a37a8ff634b3fd9833c6552f642,2022-06-11T17:43:17,2022-04-01
0x3673cfb114d9147f988e57690dbdb341414b0e5caa878390a6ae4c88e3e48296,2022-06-13T00:46:38,2022-04-01
0xd714f846eada98f3a612dee0441285bb43be1268fb9cd25ce4e30e960c6f7174,2022-06-15T09:18:18,2022-04-01
0x2f9156facd062cf0d68ab495cdfc04b3002d03a59876f8077384d8c2272c3a07,2022-05-26T21:35:10,2022-04-01
0x48d65c88d727831dc7105df1d9b725cb8b3d66dbd149b9c8cdb9a84ac8bedad7,2022-05-28T07:53:49,2022-04-01
0x3b73c4f1c4fc9df7bffdb5b539181a5832adad9ad9e660f47e3558abadd283eb,2022-04-22T02:58:19,2022-04-01
0x68feb3bae418f1a80511514dfb0d942890800b95dfa16d40074b2f08f2af0fb9,2022-05-26T13:25:59,2022-04-01
0x706cd7bb14e05aaf101c9f598135ca82840c776e71159690d5f69e1419ac938a,2022-05-09T23:30:28,2022-04-01
0x67c208546fc98d2269869d4b1728b6408d87d26970fb878a1eab44228c391823,2022-04-30T00:31:16,2022-04-01
0xf3b7fe0d47a7508d8febbf34cfd5cd8e6fb7dafd617114ec60ec0b706c80a353,2022-05-10T08:13:16,2022-04-01
0xd59846a1cffae6fc6c4d25ba62c6f71806535923e33f983d9799916d14033ab2,2022-06-18T19:03:55,2022-04-01
0x1d2941ffc5ba249ec684ab9787959ecf9ac2c9f5989f3f017b3cf94fadba7907,2022-06-13T02:43:17,2022-04-01
0x6aea82b071e485a46ad33525f62c0385874fec24ced6a1ac76741819bf641aba,2022-06-18T21:42:39,2022-04-01
0xc1c1ed96f574f346063adb20415c488ab39ced76718e8dee608738ab4ad50eac,2022-06-30T15:53:43,2022-04-01
0xdf02bbe0457fa1677fc8b1b2d0fec4df167b826529a9f5996fdc80882d148f7c,2022-06-13T11:05:35,2022-04-01
0x27f5f75d628c87d5cf4957e008305240470a72e698e338432b860c8c927a66ba,2022-05-15T05:03:10,2022-04-01
0xd0b24287ad6754de02eaa45af9e9ea8378571edb9466ded4b45475ab8c44fd60,2022-05-09T10:54:01,2022-04-01
0x0f595d2646185dc6897b47d7815c76510545a847fe30358ca80afe452e04a097,2022-06-18T21:00:16,2022-04-01
0xf141ce7a4a4877b6e6e343cd550327dfb7679c0099250e0172371af8976dc799,2022-06-29T12:50:53,2022-04-01
0xfe27f20c85a8a83f94b21917b8661e3147e8a30111a890dfc88b60a9121936f4,2022-05-27T19:04:38,2022-04-01
0xc482e1d4fa537d8ce1b8b6ea4aa912785e344732117785d831c606f46414f557,2022-05-11T03:38:27,2022-04-01
0x5800035fe20c2c1544da51a40188742c00d68689db93aae9520529226c32d2d9,2022-05-12T07:13:59,2022-04-01
0x37a6c0304e289f8aed3caaadcee79cc129de409d2358284f82f5684c017f8592,2022-05-15T00:04:57,2022-04-01
0x07b371e8bfe8b1ee6adb422aae0555e1c4dcaf339b51a9601450f7681d42ec52,2022-05-09T02:41:53,2022-04-01
0xf896b7cb2e5ad2dec0cf5187070f38a7a5fde70e88a437f10fcf7944172fe95f,2022-05-08T17:49:56,2022-04-01
0x1fb4ef121083f111889970a95803229515670c387db836de2283ae4fd98f6492,2022-06-13T11:05:35,2022-04-01
0x34f2706ac967052d1f3e892d57c81e11cf3801e26a712c765f581803d724f45d,2022-06-11T07:08:52,2022-04-01
0x8c9033322c08726c26c7d87a42c7009130908722b5402e0046c39e0e7534611e,2022-06-13T19:52:25,2022-04-01
0xb3d8664936f589f691fc52dff13c93b570ed85e59174975bb6e8b2f61284363d,2022-06-15T18:27:46,2022-04-01
0x4f5209b366ae8f27bc8e9e604342f6c0c6360d0696025557b56edbf9985a6c8f,2022-04-12T17:56:20,2022-04-01
0x073fbb7f8f222eb03dd69e636720739a53f348bffa89027033c7293b906aa62d,2022-04-11T14:31:22,2022-04-01
0x02b720d22e336dff7140bb8801fd07dfef453e6a0dd1318b4d44da465ba42ff2,2022-06-17T19:28:27,2022-04-01
0x103de905e1b9301fe71fad1691aedbd7523247df6c1ab65449b02bebffd667f6,2022-08-21T22:58:17,2022-07-01
0x47742287e4dacf4b6f804f5301ed93acbf21339e240ba6093c977e3ad177c10f,2022-07-09T03:43:01,2022-07-01
0x141d275dbd12868244a081953363a6e935921fa27906e7bd4740b2cdc9a544ad,2022-07-27T17:19:51,2022-07-01
0xdd2cb3b0647489b10f1d36e28b224ccbbee0e26ccf8d1b43408bfb1891174af3,2022-07-27T04:27:09,2022-07-01
0x7848dbc73d7812fcb419afd41a197825bd2bc9411afcdd8b32fcb8ce97f277ba,2022-08-19T22:49:15,2022-07-01
0x553acde033da7e926f34bf2ee957608cfc19f243562e6a94277a14d80e3c5093,2022-09-03T07:30:00,2022-07-01
0xd240d832b8812fc5ffbcb919140a8abdb4ee42bb1720d6f951ee046e1e8c9554,2022-07-18T02:53:47,2022-07-01
0x7b5b12d602531cd34b40bc2760d675942f82b8e1acd6793994f0088247ef5791,2022-08-19T08:04:13,2022-07-01
0x25e0d83b02728b7f394d68883b9fdbf0d59622c3656c5a575ee4f5549763dac4,2022-09-30T21:30:23,2022-07-01
0xd094513945a07b648bfe2705519de648cc684d7ce68063c7526e9cb324c3e0b0,2022-09-08T05:13:40,2022-07-01
0x7a1ba64b53ed80ba9dfd323ecfab79bbfa129ee59d2ab242f63f76b964a82843,2022-09-25T22:01:11,2022-07-01
0x1fc0ed872addf879a63208b5f3d5a4e047288aa508d79bc14d6a1bd6cfe1e223,2022-07-25T23:52:26,2022-07-01
0x76bc736505d2b781cdf82c815375d49470b3eb6bc257d4fb3284ca1f6333ffe3,2022-07-29T12:27:30,2022-07-01
0x17299bc9d5129c3cd9be5018162c080c06da400c76e09203a34fefc6603a62a1,2022-08-03T00:53:36,2022-07-01
0xa385b0cc4db0278afe909337fd84ed9984b2ec911237d8a0a55256025f1b18fb,2022-07-21T14:48:42,2022-07-01
0x1a5ec39d85ddcb6fd80e044f83937a4d1c818019da8506409d91b5a8ac80f8d3,2022-08-03T14:00:30,2022-07-01
0xe187c00100ab312ee96c8fad3ba1af9cc6ed109d0d7dcdc380d4db02426fa613,2022-07-20T04:03:08,2022-07-01
0xd522c631827d57e26c0039a5303f18ad72fa44415476ff4599a670792e877e10,2022-08-08T22:04:38,2022-07-01
0x0ab7ced0ee7f3783c6bf01343ca053975f674363f4f86f979db4b708a6ed82cc,2022-09-13T00:52:22,2022-07-01
0x00293d6b8864fc07ff1c3409001bc0c2d360a6cc0fe260599502b85efcd12c41,2022-09-09T15:39:49,2022-07-01
0x12f0a9c4bd68f53be53c464e6755fc04d69caf1ffd56305029646561db421251,2022-07-28T21:37:49,2022-07-01
0x9961a45dbca60d6ba3ca1731183fdc94f1a8c10d7907fe447ad7e0c51db3e6f9,2022-09-30T13:43:23,2022-07-01
0x93138b2d30301edd5bc6ec0622a4eaa6693030b7c58aa34dd8d53ee9c726a816,2022-07-26T00:52:44,2022-07-01
0xf2c199ea5049fa5ca0cc6a42e71d161ae608a2915ffc7868f7bda87dd6989f60,2022-09-13T20:00:01,2022-07-01
0x320257a837214bf545f7ba96a6ad527f3317bb2e99705deed270b2555d284ff6,2022-09-26T07:37:23,2022-07-01
0xc37a19e48397a8a1a318665573ff0381c938d3adcfed3d9fad618b4b5d7746ab,2022-08-11T15:38:07,2022-07-01
0x622afd9ca52864885e4a0807e7b5146fab6245e5a0f133d15ad026feea855730,2022-07-27T19:18:58,2022-07-01
0x66d4c8aa8854fb3a7f70829da4ad853dcc456e7c070035de0787642b415f4fe6,2022-09-28T09:38:59,2022-07-01
0x9d6aa0303785d765f7196dd57f7676af48202828cfa41bd300ccec43b5d5ccc2,2022-08-01T05:01:46,2022-07-01
0xe8efa9048b4ed9a5e8b9362b14bc05691428fb0a5a08a480984b5888fca66746,2022-08-18T01:53:13,2022-07-01
0x58d17d3e44a3c2c907f1482652d3aabb152eee1e6e8129e98107e0f550ab291f,2022-09-08T00:10:55,2022-07-01
0x96c032eb09ebdad45448eb873f3b173dc13dadee49436129bfbbf081cdbb561b,2022-07-31T15:09:57,2022-07-01
0x28e3425bbee97f1efd45db6c05d2d6866a059920f58a9d11592ac36325486627,2022-08-12T10:15:59,2022-07-01
0xc678b324c13c68ec6625877643c105a004540129b3a64bbdab50835c4a22db3c,2022-09-13T12:54:15,2022-07-01
0x7b1aa0ff85a79459f898b2b1c7dfed28374519989d3516567789ef5d2eac4109,2022-07-13T23:42:48,2022-07-01
0x70256cb4dac242527ac00ffc7a65b31d9a27ce8c724fd5afb6622e187db63f3c,2022-08-01T20:38:23,2022-07-01
0x3ff48c83e8db4f5493810c175e1d952f3954df395959c410ca8abfdb9ffcdbb2,2022-09-19T16:30:11,2022-07-01
0xc1afcd12dba5e637b9aca936807accca52fb917cb8bb48c86c6124087184fdd3,2022-07-16T22:39:43,2022-07-01
0x968b57d03b274ab2a6d9e69c5c28fa745f85c17b0069a8aea610f636eedd2dbd,2022-11-26T05:16:59,2022-10-01
0x91da210a4d891f4badea14c7cf6cc79bbd03decbeb9f0d82963732f0161817c9,2022-11-18T09:47:47,2022-10-01
0x0d41bd4c50c2719a21ee09ebf7b40c46d9c9370d24baceaf33529d5381767eb0,2022-12-12T12:24:47,2022-10-01
0xccc7399c48cdfc2b3bd20bff836a88aa0b4d6a6eeaafacde4c43f1a551957343,2022-11-10T12:33:23,2022-10-01
0x0a2f278b93372550ba9b22ce4e55bc8ae7efd248b79725c6c965fee9120641a3,2022-10-06T20:00:23,2022-10-01
0xa95401d1e20155f838b8d9d877023deb69c548e6e1c10aabc1940a38033adb5c,2022-12-09T09:55:59,2022-10-01
0x6d764412a3777bc65a22e54849335ecb0946a660c17673614c04da8a68fa610c,2022-11-27T18:16:47,2022-10-01
0xf06e25e6c691ad26cabffddde9c985de85aae488c6b6b706b950307bb8ffb166,2022-11-06T01:52:59,2022-10-01
0xb5e491f02ae561234dc5c5d8fb4f748c71556cc41e66522c986a92757f3a94aa,2022-11-23T00:11:47,2022-10-01
0x43cdff1bc916fa4fbe351c7ee7ff325b8a311a934b30fa319ed9add1a9b9ac7f,2022-11-21T11:10:47,2022-10-01
0x13ed1e4be807f486bb36561619ddc2a79b23988423102894ff6cc75d3edecd25,2022-12-10T12:35:59,2022-10-01
0xfecdb70fb6705467f77fc14a329f42f4f5084c7803b60d8648d2a66fa577f4b9,2022-11-27T21:38:47,2022-10-01
0x7346a9af43772b0a0187c016582ef6ca31ba74ff98dbb115ab4c3c1cc2bb1977,2022-12-11T16:32:23,2022-10-01
0xc390e78210f5e2b41fbc7be8d2d6ed2c0ddaa2199b38a23828bf56d8483ae904,2022-10-21T12:42:11,2022-10-01
0x077771ac833e6c820f79ef63ec0afc55c50f722568d1ab544a79356a16ec7601,2022-11-14T09:01:47,2022-10-01
0x64f405beb8762de705ae42b371218c94fe0efe954db73ba49b77947f7053d403,2022-11-30T09:14:47,2022-10-01
0xf1ce3d7a2e8debef503c139df60ed9e46309e61e28e29abd9fd51105f294dd23,2022-12-11T12:09:23,2022-10-01
0x09f49ee2aee47160a153f78a68946947d5fc486e552fb741d13d625c98b4d99d,2022-12-26T05:52:59,2022-10-01
0x6d650e330d2d65afd395cdd49e8a8a230821881d6be1b010d01efb18e8c365ce,2022-10-29T05:28:59,2022-10-01
0x721587110af6bba883d1334f4e75c01c0cda49acb377d33ecd565227233d7855,2022-10-31T02:25:59,2022-10-01
0x6f397a9625f498b4bc99f6ab755cb149bea6833a072a20ea16a44fd67527691f,2022-10-31T10:41:35,2022-10-01
0xe827a511e72084d30916695b1723c0c65f6a99db6f72abccb6d80c61597f1407,2022-12-21T20:36:23,2022-10-01
0xea3391dd23bc9fda832a92ff0386df73c079eb5495982718dab3fe4ea6262237,2022-11-17T17:39:47,2022-10-01
0xf3a501a8fa632b18242389cb1723a77295048bbfb50038b2c1f5a2d838dc6823,2022-11-13T16:38:23,2022-10-01
0x9e9d4e995a7cc3610e6df71219ad2bf2bd678951bd8daeee56f9b00a054e7597,2022-11-24T09:14:35,2022-10-01
0xf83ad471b9a2af6d0fb1e8097cc8650b0b215c2f94cc8525720166c4ed8198e8,2022-10-29T14:33:47,2022-10-01
0xef08dadb564c4dc4959f23edf902fd955f073f0f4210cade6a9c3d270ee81029,2022-11-29T07:24:47,2022-10-01
0x2b9ef13fce28fea8cb80e0b3145b41eb906a681d562e7c6feb6ae9c022448519,2022-11-09T04:01:35,2022-10-01
0xbaf53074702f038e2c91df3c34b91ce53a9761ff11f638ae3f82de0ff46d861b,2022-11-09T23:42:35,2022-10-01
0x266152f7351a66db692170c282e65a63b4a17fd56800544688e73b23835a3d2a,2022-12-13T11:04:35,2022-10-01
0x47cddd300c790ab4de665ab6e9a810a0545f79c2d445f343160decf1f34781be,2022-12-05T11:07:35,2022-10-01
0x02ade58e7be050f36cd633e8d57db85a4341bcf7f5c993a202bc14220d811458,2022-12-25T22:23:59,2022-10-01
0x7478a057996859cfc07e00948a5988531e3d16901c969fcaafdabf745d3556ba,2022-12-06T00:13:47,2022-10-01
0xc2621d18422226fd8183b528a3c842b13478bf4b5415d805aac6ad972011b685,2022-12-14T08:52:47,2022-10-01
0x0ea847edc6a99f37b30a3d632d1b842b623f25ed078598a7b91bbeb533c467ba,2022-12-22T16:49:11,2022-10-01
0xc2621405012c393c4de8c37961a586a35706a1cea1906886ab17785481a4382f,2022-11-10T13:31:11,2022-10-01
0x11d0c6424513b191b5911005d2cff27b6f0115bc9f12aecee43c1f4f06ee7af2,2022-12-01T17:57:59,2022-10-01
0x4082b3cfd41a74702a9039dda9772cd5ed1b3f2cb7cada627bf3e6e547549f35,2022-11-06T08:00:11,2022-10-01
0x2b3760f5efa15d5842190619740898b52a73a2ccd9cf851885214ad970204060,2023-02-05T12:49:11,2023-01-01
0x28ccf3020f6b2480fd566d8116a954c49e9dd8ab20474ae6be4ab049b77b3532,2023-01-03T15:22:35,2023-01-01
0x45bb62848f64d5b193001aedb4f236f452d78d16690498e014c8f55078da92d8,2023-03-11T03:37:47,2023-01-01
0x740804902adb2b1c5c0e4e2bcc73d607ca160fe7005a3eb52396c9194e840ad0,2023-02-10T08:36:11,2023-01-01
0x986132dd1acbc790b824af27c7cdafe16de8c13209027947f3cdb575366646b0,2023-02-20T12:24:35,2023-01-01
0xc4dde7027410c62c90124c5a83ca80c6f847ab8dde51c0d70c8fd67fa2781f80,2023-02-11T03:29:11,2023-01-01
0x44f14de1ef59ba621d1723877ac7232b72e5f49e2843c58970c1a5d7b2c895b7,2023-03-12T17:26:59,2023-01-01
0x0acd0b14995372d12947ea3c1aa5f164ddf95fd819f99634b824a2759d47270c,2023-03-05T11:58:47,2023-01-01
0xfc66d2c30cd7061289ab9dce194ab417577da56a0674448b8e1612bfb9b7e7cf,2023-02-15T04:33:59,2023-01-01
0xd8e8655f9abbb984c10ab816f5c6d2ccb92b1acfb2d704b4e39829b042feaacf,2023-01-03T22:31:23,2023-01-01
0x45e8c3117e1712b8c694d0f85f878f1ad925537f0da54b303ffe374719315919,2023-01-01T07:17:23,2023-01-01
0xe4d31b6b2cdd89b27d963b668e9327a04c1f2103d54fe902c949c1faeb13bfe9,2023-01-19T20:01:47,2023-01-01
0x45f01e0bc63ad35319653b07c28c5f5a2ff3853265205fc3eb0bf38687606382,2023-01-05T22:53:35,2023-01-01
0x0263dff385c1b92e8e27d60a9d962d0de911c9243b66e085572522ec5a6bca10,2023-02-27T04:33:11,2023-01-01
0x8dba4dace8dedfcb69a9de70f27e6a34988d5212fbf642235c30e20a3b4dbbc5,2023-03-10T23:35:11,2023-01-01
0x42fc916fe8d6c9c6afbd40ce2df30393106becc8a8b1dd22d2cf287ad02331bd,2023-01-01T10:26:23,2023-01-01
0x8c521ff3efae12c128a5aeb3b24fea8f229cdacad0bdd66ac1a6522b719a2d1b,2023-02-16T15:55:23,2023-01-01
0x6d0cf259e9fbbec6069fb2c42e8db78ebd34368e860f7366382fbc96793705f1,2023-01-10T18:14:47,2023-01-01
0x02c07f08d08cc6dc7cc47a3b037f6ad448693e30941b2bae369899cd17ea6907,2023-02-27T15:29:11,2023-01-01
0x9a11f65997c643e4e3a32af9416012e28d5a2538a422c03a5810248ba74b163c,2023-01-31T04:40:23,2023-01-01
0xa02c713d028cb8915f3605e6b3c2f1b55e43508d0c416d9004e86a58fde0ddd7,2023-01-02T03:27:11,2023-01-01
0xc842fd850021fa5c3ea52503ce64bd18c8a743c5d756d0a27dfd1b1fa3912201,2023-02-14T14:32:23,2023-01-01
0x35aea881089b424e26c4e0f080c3864015f4057593f49c9e7c45d9b8d9c16287,2023-03-20T19:40:47,2023-01-01
0x232b0d1952c7a928120268bb615ab4831476138f501741b97867f6fe70ec1ae5,2023-02-11T13:30:59,2023-01-01
0xbc6f48cef3613d6f88a3e58e6676c16e29b865a91525017689ce3c606422f729,2023-03-10T11:59:59,2023-01-01
0xb7a5af183812e91e6a72ca54b2e4b4020deab8aa9fe33694b507bb12993c3790,2023-03-14T08:49:59,2023-01-01
0xd806de1a453ac596bf27d88d190410fbd22319bb411dc4bc971b97831f0cec8a,2023-01-26T10:21:23,2023-01-01
0x79f428e44815bbc30da57d7a99679bba4a73a483742324a755ab6024d048082d,2023-03-14T06:33:11,2023-01-01
0x2799b49dcf29cc28baccd64f35a107b3a923ccc80babd81664caa2510bc82681,2023-02-09T11:10:23,2023-01-01
0xae7e3e5a62e03000ba5a721e65ea5a94646710890ba7c55d00fa6e9d8a52e8dd,2023-01-12T13:28:11,2023-01-01
0xab34fa43c7bd6120418c76ab7e5af3125af8675764bbab9227a4437d03402771,2023-01-18T19:26:47,2023-01-01
0x7af5205732e952b807032c64251b6068e639d86d01edd03f2e861f6591d1c90d,2023-01-02T19:49:23,2023-01-01
0x55ca0a220138d93627837618a8039996d3a7deef92f5b00168b11596ffd8fec1,2023-01-30T10:27:47,2023-01-01
0x88434bbfaf953da9ccb312158afe34806f3d5728ec2660db50c4e88966c408c2,2023-01-22T22:11:59,2023-01-01
0xccaa7a8f8cb7fda08c8b3841bc72311174eb726eb0b45d86179f24fe802775aa,2023-03-29T18:44:11,2023-01-01
0xa751c5859abe22abe3d9d020d4e99a1e6a760b84fdeeed0cdc88f0cce2941229,2023-03-14T12:47:47,2023-01-01
0x5895239b2c9ade0f9e272a8be2dcc930cf19bfef7eb12a5a17257c9342510626,2023-03-18T12:51:59,2023-01-01
0x9d791c7c13ad546b8edbf95961fca44d38b722cd80d5772283e58b2bb726d07a,2023-03-30T07:24:47,2023-01-01
0xfec49d9365e427d68749613d36af7b41023f6b82c90f98a5814bb69116e2d499,2023-04-06T10:24:59,2023-04-01
0xa021c283a90ea70474c1648446010e4aa76b00c4e8d5b6512df748fcca148615,2023-04-21T10:03:47,2023-04-01
0x661ebcd72c4d9e1d5b9f570428898c7a813f63f1418472a5296f2f0512dc3260,2023-05-03T09:15:23,2023-04-01
0x6e42ee2ac81d7b0dd11f78a61397bc62c65f6e80f31a060f7d45137d3922b9f0,2023-04-28T08:20:59,2023-04-01
0x9bb7d29efbdc16e6286cf76ed4379210ec095aae428007d817307481d3687216,2023-06-05T00:47:47,2023-04-01
0xdc56f68079081fb183008e3c3bbb23a7f692be7f5208ae7611ab1ad7f5570fd0,2023-04-27T19:21:47,2023-04-01
0xaf725dbfd5ca39f9f604223d93adb97efb0eae0dd6d4699b4c2ec748d5046673,2023-04-30T02:56:23,2023-04-01
0x34746b19eb68f0f3820a4f8893de8d6e4bff35c1f45c4df7ba4d1eaef8e3b5c4,2023-06-20T01:58:35,2023-04-01
0x5419bbc57216f50122fb978a36db478953245590259d283ca80518c064128243,2023-04-14T16:48:11,2023-04-01
0x00ca58e760ce2d8c270e56c9d38ba80a6a0a57056fc3fb85c0a9924a52aa98af,2023-05-10T05:12:59,2023-04-01
0xcc0a4d0217c70f76fbc2eb430a7e91a271995bcb118fd3d06b225c1e39679316,2023-06-07T14:42:35,2023-04-01
0x5db1c4ee5c8c882ca6075340c6dd3bf5d4fbe71f73f42ad69c60dda800c465ef,2023-05-21T01:48:23,2023-04-01
0x7d96a1dea0710e5a26c1fe351ddb31f842e756f4e1c346196ff1ec03a6197c87,2023-04-17T20:37:59,2023-04-01
0x4578e2e93dad63ab61f7d907659636c6d655ad567b2ae7a5f77cd9402c846ec9,2023-06-24T22:26:47,2023-04-01
0x1f845095b7da653f7e5f7ffc731e88265ea7df9e29d1d561d7b99419433d6454,2023-04-12T18:37:59,2023-04-01
0x1a79d94dd459a92d04cda7990f2bf6f30d34ddefd96f4374d2ffdd0abf8a5081,2023-05-22T04:57:23,2023-04-01
0xe0d5c551c43d407922f9f4adc85b19e2cd5256f9cf79fa4ed9ed34afd4deb5bd,2023-06-07T22:33:23,2023-04-01
0x0441b91d51bf8808bcd9ae4a46765e7719a89f408ff810c59473149d7f448d9e,2023-06-28T02:10:35,2023-04-01
0x0a216c7ed30e9580f2b734d0d06716f7fe9d53031ba8e6b960d56961b14c754c,2023-04-12T00:44:47,2023-04-01
0x812311f4e11ab6a1f00eff5cd3fd552b3c1cdf16c1b5deec5cfda61500fdafa7,2023-05-18T20:42:35,2023-04-01
0x84c0a060a2ac0bd8e71cb2af13daae05ff5cd97e218bb158f4cae296b06421bf,2023-04-02T05:42:47,2023-04-01
0x74a714c4a70b572bdab48bd4409cd4d00ff6389fe7fe6befa606de05bfaa3da9,2023-06-07T20:21:59,2023-04-01
0xee650aaee8b898412ff19e4b2d636358b8478d75d58e570a0efddfd8bf177502,2023-05-21T16:46:47,2023-04-01
0xceb8fa81ebd810f39b9a30cc94a003631b9860693abdd3e1f616eed9d59cdfe6,2023-05-27T10:23:11,2023-04-01
0x1dd64f6808c4897bf2a77e925b98798adbfcb47c090fe41c30bb0d6ee7dc3f81,2023-05-12T16:39:11,2023-04-01
0x07b06634b4a84cac4563e1376a0ae33e9f4e3752a1e6f34746fd075331dcaa6b,2023-06-05T21:43:23,2023-04-01
0x68154e1667f11f9400292bd231d7bfeae244b763c5a95554a31c0661dc8bbc37,2023-04-20T21:03:23,2023-04-01
0xaa04f95535f3b6e3a5eb2035596a7d04a960f8d1f77b7c19588354eeac1caf12,2023-05-20T04:20:47,2023-04-01
0xb0cb1020c76d18d5be0304cab2ca535529693a0779cac02f4af1381b0604c3e1,2023-04-27T05:25:23,2023-04-01
0x78f1098dd1f6913417fa239d3ed39c7e140d616d3a8f6018ac24806bcae63219,2023-06-11T22:43:47,2023-04-01
0x661d4b1d2bbe13ca69dd4378c4024de05e7d3e4fd07e4dc400ce6bf624847549,2023-05-24T14:24:47,2023-04-01
0x5b61124877f36c106f3a17a5de2dda1f13f975add61836ec1ef8a1b691630a7b,2023-06-17T15:02:23,2023-04-01
0xc10cb2509dab5ee932548fc9ff993191706731452857d2dd0c4d39e78beea044,2023-05-12T05:44:11,2023-04-01
0x769bfe4659e7007490b22cf27f343448088db1c42f805453966c34e6b959c7f6,2023-05-12T11:11:59,2023-04-01
0xcd292c902c32aebc5d00cd9f93385e9ae69e88cf61e03df63e782ecb3d4140ec,2023-04-11T14:13:23,2023-04-01
0xb7f3d851eb4bbc0a0afc07264d595009cd2974c7a648668faa0db4aadbcef926,2023-04-22T11:25:23,2023-04-01
0x37c4c292b221c363a2cf811f2ddb67ce7f28c0778e691ec9e3acc675701f8146,2023-05-26T23:49:59,2023-04-01
0xcef77b15b4b16dc0cf7429cbfcf15e24a55966b1d597b07b6d463b5628292ce0,2023-06-09T12:23:47,2023-04-01
0xf3dce66393cf6478d428c499c38c02dc38547c2db904b46ffd2f3c9c5d963f4b,2023-09-11T03:43:23,2023-07-01
0x84f8102d7260eab2b70ec2e4652e6c10b75423874302880e2c12ccbffc908029,2023-08-09T13:02:11,2023-07-01
0x99b39be104c315aa13facbfcc9d12038f659006b35b8260880f580d40c896158,2023-08-17T21:55:11,2023-07-01
0x22034196245840c0376dec075b2a96b873f06b5a5c00de8e66d631aa45146b72,2023-09-12T08:34:35,2023-07-01
0xe51eec0a84b5f96a7afe20a1cd5bab08e7fc831a0574e09c76264fe516069186,2023-08-02T11:31:23,2023-07-01
0x2949eecdccd9401ac08c2c560b165daf29c3e1d29b6e801deecd77bf0b0c8a3c,2023-07-29T23:19:35,2023-07-01
0xc95ba1bf71bad3d501936e439d8ffdadc41fbe09a783615fcdaeb10cac9f6ff9,2023-08-02T16:34:59,2023-07-01
0x3ff5bf1f58a73acab72609ba612c1a238be39c41c6214d114b801a9a8ff9277c,2023-08-22T16:36:47,2023-07-01
0x684f58e3e8005f44b1526846505e2b734d511be57b52bb218bf3fdd3d6043604,2023-08-24T10:09:11,2023-07-01
0x975fa4733b4b5997e0ba27fb00d9f99ee4b2b52c087e6cfeab4f19d34a9369b2,2023-07-23T15:45:47,2023-07-01
0xb9f2d86690b0b0886fb8c930f32b35194a4e82f9fb51e298eceff3025246a351,2023-07-31T21:03:59,2023-07-01
0x833a1d1c1673d46cae89309cdc5cf9ea2b0f335a80182f95a0abc05a07f5cd44,2023-08-04T14:24:35,2023-07-01
0xcbac06a4e58c1a139da04024083ec7a99bce677a08d27776c678ae1a8fe9d8dd,2023-07-22T05:48:59,2023-07-01
0x9821b3f649ca93d9e9697315944781d7ba0f13dc2dfae96d9b90cce408909dbb,2023-08-15T06:39:11,2023-07-01
0x3958d1bd7be0de350ef824c28bca88264b67dc61fce5e77e1cfe8c740e2bd55b,2023-07-30T19:32:23,2023-07-01
0xf5cbbdc270e3c60c8f5fb134481c463592f4d598fe9418ff5d75900e43b1ba4d,2023-07-29T01:47:35,2023-07-01
0xb6060a41727c1222feab1c01bc97b076c5e6c493074f829295ee05691ea2e379,2023-07-31T04:06:23,2023-07-01
0xdd9cf2745169de2276e47f507d0e132458a200b38a0404758359fa892cc85f2b,2023-07-02T14:49:11,2023-07-01
0xf03f5ad645945bb775a505a690d60fd4b575a7f1750d280381ae89db16575bd6,2023-08-12T23:56:35,2023-07-01
0x9edc06aa397afad3848321bfad0dd3c14870f0cc2ee5577fd96f1ea16b2d9480,2023-09-07T05:16:35,2023-07-01
0x4d924d50e461170b96012f5b73924ad341a680e920e4e2d2a1fb27bfafa6eade,2023-08-01T11:42:59,2023-07-01
0x3730452af1a5d4405a4f214e72cd9f83bd9e3cb0f9119b6ac082e4a862d8f0ba,2023-07-01T02:08:59,2023-07-01
0x32519ee645e65ba99fb4bc80ffa4678fbcc996d7b97cd4ca7d68e1298cfb4bab,2023-08-06T16:13:59,2023-07-01
0x13b8427c010369db53b7cc1da4d92853215f23016874594a59fe77ec03219220,2023-07-23T20:32:59,2023-07-01
0x18c3e43588aac120005f48a4c4a7b78bbae15f4e3a1cb06bea58c37b7ad61a14,2023-08-04T18:00:23,2023-07-01
0xf0ee53f622c59504b8c39efaddfdd00a7aa39e14441e95219934e39f8235c5e0,2023-08-25T16:49:59,2023-07-01
0x500ebbe7896ad0f809e9b4031a282d1b624899534df24c803ba4d5a043a13b83,2023-09-29T21:22:59,2023-07-01
0xe18e236a8e67d90b52af3a79ad462d9ae7123c8c8a5b2a13d72a9580b8704a61,2023-07-28T04:00:35,2023-07-01
0x9ebe7a72586209743453ecb12039bfacccac1050cc216d6cea7b26f01ca664d5,2023-09-17T19:14:47,2023-07-01
0x4748983d5273fbb2660ddddfa56cf7faf04ad24b64cbfacca626b79829d61ae0,2023-08-19T06:05:23,2023-07-01
0x1e5a2044a82e9edf845af9cb3ab90aeacb89bda7f1299b856a0155f762df862e,2023-09-12T01:53:59,2023-07-01
0x39eada234a40f607f22979e55cb390d3a13d431715fe8d543d224c72f6b14979,2023-09-11T10:11:47,2023-07-01
0x43994e85fa8f81ac06e4e32dfa3580325359a375dc95e15d70c369fd858586d7,2023-09-11T15:03:35,2023-07-01
0xf1b0ab7e2f2dd1eeac89e0cc9769753a32d3534d31308d89afa94cd78dc6b978,2023-09-14T05:01:35,2023-07-01
0x48a5629919bf6744968174c044235f7acbe266bfcd79e701b195f21765779ca2,2023-08-17T16:57:11,2023-07-01
0x8d08eb35d4b0439b0c6fb9a2ba2a01c5c848907e957298d9c608da0ea03f7898,2023-09-28T02:21:47,2023-07-01
0x21433cb2a5de9db3590524c526a81d45dd7d304539f4055f9fb38f888bbf1d21,2023-08-22T22:37:59,2023-07-01
0x085ce4da029e2c268985a5ae60328d02e97227cba326fbcd8a0959656c3a237b,2023-08-04T02:21:47,2023-07-01
0x4b468f4bb597085d65983d911593b72329d99489fd748b1f6eb1ec296d700df9,2023-12-30T08:05:11,2023-10-01
0x96a397017fead7a11485196f7eef5347d2552366dd194b818bcda930c3fb8c92,2023-10-02T14:49:23,2023-10-01
0x01a77e2120937da985ed4e7c636d48bb5887ee1ea635799c1283357a9948a70d,2023-10-23T07:00:35,2023-10-01
0x0ef3946b9932218975e2810d291b4fe00675461f0770a75cb7080b07454f659c,2023-12-11T02:13:35,2023-10-01
0x46f478af4749e08d201227e4493b55eb98d05a378793e5043947716c4c64f295,2023-12-10T12:34:11,2023-10-01
0x60f1baa4920fd90b4e41c952bd934521b9bac34d2e34e0e1ab98e840b8a1f947,2023-12-29T15:50:47,2023-10-01
0xc55e0fc07f7368059ddf4e0aa02b9dea61c3d18ba60c3f54b9de78832ac14ca0,2023-10-09T14:41:59,2023-10-01
0x4a2b1f14b5edf960fc92181c0f3c7cb69a967523b849fe20dbc00f9b89ad9bc7,2023-10-24T16:35:11,2023-10-01
0x5f5d777a3e4df5e895cb15ed8219a7e80c02e65468f19b6eb344fae42be66c23,2023-10-24T19:13:35,2023-10-01
0xcfc8a794108606ce57f36a02336ad2c023303383df68a27ea37351f3aae6a64d,2023-10-18T12:46:11,2023-10-01
0x7a19c1c0053d3d81abd8e086c3819e5e9eaefa333f09ea3e125ab232442f5455,2023-11-05T15:34:11,2023-10-01
0x55e863dc59209535b28f5f5e3491a172357a30510c3b73963e3d22d961ebc94d,2023-11-02T19:56:11,2023-10-01
0xe44bb9bb2efb84d2efeb3f3112d945726dbedb999188231c8d4b5eb7f0a679d4,2023-10-20T22:07:35,2023-10-01
0xdabe1a26fdb8f7adabcce53c8a0f3ee808ba9c78474d656153ca3a991e753a59,2023-10-09T16:48:23,2023-10-01
0xcbc838aae880da5e871008488181425a21ccc2720cee653dc17ff1f62794af57,2023-12-09T10:07:23,2023-10-01
0x5a22636c59ac6f3b6171a68490c638eba135de6f182caa3cddf050be71bb754f,2023-11-09T21:36:59,2023-10-01
0x663e7926cc8b80848c717d96a0cdb6e0e1cca538862dc8812bec9a73de3148d0,2023-10-11T02:48:11,2023-10-01
0x69e86f01f7ece4e6cc19ec0cfa4d0437d3c587bc7509c9ae2d363b31f22d917d,2023-10-02T14:47:11,2023-10-01
0x40d6e6f5e89922a27195ee8c9ceee1aa71c81b5dd1d3e4f4362028e3ad4f2960,2023-11-16T15:46:59,2023-10-01
0xd2b3d460a285bda7f2202389046974cfa3ee318f1e96903ad453a4992f729d05,2023-12-11T02:15:47,2023-10-01
0x971eaecfc346e29086a130c22171326eeb937ea01ed4da4c9813e04c87380831,2023-11-28T06:20:59,2023-10-01
0x13e810c37d0c6186e0f61bd51f9fbbb10bb81d03a4b10a4ee3665a54ceef91a6,2023-11-23T23:41:35,2023-10-01
0xba7f9d7400d5022ffae82856054f57522c3ff1bb5c7a127a452b15724e794e93,2023-11-05T03:47:47,2023-10-01
0x1dba310f6a404ce86bb804dadbaddef62b502d9e190bd0bba839b21741a48f4b,2023-11-30T17:26:47,2023-10-01
0x077624c99acf8b8aa2d65476e2235d110f17c40ed3f5f77753e4a9fa1fdd1724,2023-10-27T00:16:35,2023-10-01
0x732ab48b45c01003b213ea87c9d928572d65d6c17f6ebdb96592b1f833ab39be,2023-10-19T21:34:11,2023-10-01
0x7ef87f8aecb3a73b5289f2b7647899644cb1a7353d0911b5e8abdf6841a7147c,2023-11-17T19:02:11,2023-10-01
0x48552a3914bfcc4d41af8b2b64dcd8d76d36048547521c0daab4e1dbf725852f,2023-11-23T01:19:59,2023-10-01
0xb425d52ff4126dbb4d150e13491f6a98b4b5ecd536ecc284ef61d7376e025212,2023-11-02T10:29:59,2023-10-01
0x5e2ba45d0c296ecd4aa21abb1798840b1388ef0ad3c43a1ab758fefcd6ad29be,2023-11-11T16:48:47,2023-10-01
0x51014f7fc90c3820e2a7eaf4ce7d0fa625be07a993708b8cc5364f8d64033cdd,2023-10-08T18:11:47,2023-10-01
0x07f31ea7f9ab0c199a0c3f396f7351341f92e84930cfb5af7b61e82d7ffff290,2023-11-04T01:15:59,2023-10-01
0x5bf9531b7a349b4532c95e9cad8a862ac25e04798639b004cfab66f13b184c93,2023-12-20T02:41:23,2023-10-01
0x806dd4bcb41636b4e8879194a3c6ac6b62ca55040f6edb9490821da3d8887b4b,2023-11-05T18:33:59,2023-10-01
0x34b0767526f56554f719ca236db0479a3cd498754bd0f612e2cf5be4ac6f7285,2023-10-06T03:35:35,2023-10-01
0xe419cbe84115f7a99a81c78fa75d67e922ee85c7d57926bf6127998694b34cf7,2023-12-02T01:34:59,2023-10-01
0x8e5b4f921b566f6d3c9963b098fb35c864c87e0bec939d974f0ca01dc1b54fd8,2023-10-03T23:25:47,2023-10-01
0xab0610061049fd1bfe9da9439938014202c30761b4fa03f8d722c5089c3fac8d,2023-10-13T13:44:23,2023-10-01
0xf9404532a92391a49dd3f0f7a31fcab7c4ce9c23ff7895dec07119e9fd8a5742,2024-01-09T09:12:23,2024-01-01
0x678a3d73263bcd8a1c070dac0db160fcbd436621566d562b525e52441c47fbda,2024-03-26T22:50:47,2024-01-01
0xdaefb3a136af38a2e393fc0bae2d7d55b8681fddc0ae9a43d0d8afe5f811de5d,2024-02-14T10:00:59,2024-01-01
0x7f75121252f655fdf5884070ba822cc793b7dfbe77641acb09aee88a69c9b937,2024-01-26T08:48:47,2024-01-01
0x6a8b9e9c0194bf37d6998c068011a58b6cc1d076b20a9c72850c223c466c3563,2024-01-14T07:17:23,2024-01-01
0x4035d97d8543cedea5f24ee6b3b388f0ee5a57c186fdca01dcd3af28c8631f30,2024-03-08T09:32:47,2024-01-01
0x2fa69cd2c19ef0129b9014cb6f0e53b5cfd8604ae3f824dbd29db3138bebf55c,2024-01-29T00:44:35,2024-01-01
0x040abeabe6a758976953612831b3a0a11cdb8a20b8dc88b4259b2bbe95ad1cb0,2024-02-27T01:14:11,2024-01-01
0xdaaa2a1ab8aa63d7b7303a4937c529970b3b21878416d073b0b1b64e8352750c,2024-03-12T15:08:59,2024-01-01
0xe8c1e47290453f2f841e47451bb834f1e7007585f5b5fb6fc452990dcd4922d3,2024-01-03T23:51:47,2024-01-01
0x2511b23e2a0d72e56acb50def4153ca3625401fdd6e9783da70053980c92f398,2024-03-17T06:32:35,2024-01-01
0x3bf1388386770417aea5641bd7b16e266630a167f69310debe5e9d4de3759242,2024-03-24T21:55:47,2024-01-01
0xe00ea29444db7cfeb49ae71954226f502ea9635b5e304f420396c6001d7ec62c,2024-02-11T23:54:59,2024-01-01
0x734c5d58809acaf9a1b56c8e227cb1f05d16741cb061603b458c92cd98536635,2024-03-22T23:08:23,2024-01-01
0x34cf0a7eb2295037f24022662eff7733339762f8859d47fe4a53ca238a477ae8,2024-03-19T09:02:59,2024-01-01
0xbeef38939183126cb35815c1ffb5ac7680f7ad6096ff560f4a79e07a12a9623f,2024-02-27T01:13:11,2024-01-01
0x463eac505e764459a8d8769de15d5a742ee4990fc48467b711dd6598ee3f1fe6,2024-03-30T19:04:23,2024-01-01
0x80c7a11b5a88a9d119cfa263e3e5eb973e27a7eb753fe8d31123d28120c49686,2024-03-12T08:26:47,2024-01-01
0xb5e2ef7f61c5d997ff9b341672b03dbaf98406330e4ecf860a59f5a90d05e360,2024-01-27T08:17:35,2024-01-01
0x7336193702dca6bba5f7664abfde10ef00a407edab97452e10d9f44e3c793270,2024-03-24T00:29:59,2024-01-01
0x91d1c3fa2b83f47bb614260336e40f1a429bd31faf7d7961ce601a65a49a587c,2024-01-04T19:24:47,2024-01-01
0xb841a99fd0348c4501ba6bab53e60bb097e471d995c71677b8e3b63d7207d750,2024-03-08T09:43:35,2024-01-01
0x2f9b28b2e5f7c639c3e161e5fd1f005de88eddfd4eab91c0eeca314b812fe270,2024-02-12T07:22:35,2024-01-01
0x4056fbc24852e8f31e9073954ddcfd3e95cafed50c38cc11803284a14a7c1b2e,2024-03-19T22:15:23,2024-01-01
0x7d76af40949759dbf01d8db374fbb9acbf95b14a4f7bafe2b13cfe7dd2b80ff4,2024-03-05T03:54:35,2024-01-01
0xf38aba166100f3d4ddd16caf8307fa65830fd945ae7db476c268622d875df4db,2024-03-11T19:05:59,2024-01-01
0x3e8aa41d3bc87f182e610aa57b15163443f33f6a363afdb0fd69b6650f74177b,2024-03-12T03:25:23,2024-01-01
0x3c0e4b68cd7d25500e8b4cf80625aa2ead1e6f6fa6d52f93727f528cc16a2aae,2024-01-10T20:26:35,2024-01-01
0x01b4f3151529f7e7b00cd2d3b40ef1ac7ea8676213929afcf0484c513502af08,2024-01-02T06:55:35,2024-01-01
0x69e442b32900c23f529a56c9b9a8dd39295477025483f4604abb5283232a4986,2024-03-22T15:47:59,2024-01-01
0xb99971260988d0bc9cb55e04da4bc39355f1e6486c1ff802cf24bc02a461f95a,2024-03-21T12:47:35,2024-01-01
0x7e20de6af750495e170283ab7ffb74176f5e34af9a72e4289e894b800bc72b26,2024-03-17T04:30:59,2024-01-01
0x4a1a7e2eea9f7cfb3edc16269e5abb4acfeba39ef40172116ec0bdbf518ee75f,2024-01-09T19:32:11,2024-01-01
0xe18698746dede480e768a281292c085b174679adf190731ce24a3515f1724c70,2024-02-08T06:40:35,2024-01-01
0x9f75f3b5ba489afd0822d3f0c59a2e5fb24a46af4480941f243857954f2894cd,2024-01-30T23:48:47,2024-01-01
0x11cea1246850a6d0593cbfb7002512b8c22a4b861906342a2ca87c10aaf6debc,2024-03-27T02:02:47,2024-01-01
0xeaaca324380595031cdbada8aabc2a425aa57fe318bcced8d8f80dbd70b2d78d,2024-02-16T02:01:23,2024-01-01
0x6667dd83077256a485a880b702a0ac57ff453c6f3e3c2aac8cc090451cdcf5ec,2024-01-09T19:19:35,2024-01-01
0x50cbb8438ae2b27b1642f568cb69a5efca983a77b1dd26e02900b54231eec248,2024-04-19T06:38:23,2024-04-01
0xbf084a0e7560900d0335e2ef0f1e9c9db5f8c3d38a03fa2dfafd423dfc80124b,2024-06-29T01:09:11,2024-04-01
0xbf4e5d6833cdc3c778354e4d4cd41946112392f9cdf5d21c7678078bfddc2078,2024-04-03T04:25:11,2024-04-01
0x47d0f7a60dd457918ee50e1b863030b8053e9132b312a0fceba31054901516a5,2024-05-07T11:32:47,2024-04-01
0x83f9716bdb7e2c315aeb37dcec12e3926191088b53f6230c5cff1bcd739e8a8f,2024-06-29T04:14:35,2024-04-01
0x8a8f587cb336e44768d8d5662f70814e5c40b5c6d05028e5294bd7b24611d390,2024-05-11T15:33:47,2024-04-01
0x1b3fa38ebe47d06ffd72fbf1ce908c3d1f0eadcb7f2d4f729bf53a3aee1ae3dc,2024-04-03T17:19:23,2024-04-01
0x63aa268611e354342cf5ecc2c43da703399b25d9f00fcea7cc723b8770ae99ad,2024-05-14T08:37:47,2024-04-01
0xdc15a340103e7689a497efcb63ca90783c725a6b19dc8af93bbbed67634f82a2,2024-04-05T13:58:35,2024-04-01
0xe63ee0dfc7b125479e4686c7f6afaf1597e1ca2d3265c6696a7c343053ced632,2024-04-02T23:03:23,2024-04-01
0x5ce50606bd7dbe2d4912e845f47e6a73cc7fc857ed0edd3ae8d5e314d98f042e,2024-06-18T11:24:47,2024-04-01
0xb18fc3a8c2e36eba1eca4ba237f9add504b277f73457712d34cb26c64537bb1d,2024-05-01T07:09:23,2024-04-01
0x233f612190740fa5439e88d453915ee929aa8f59fd126b829046bb055b81af30,2024-04-03T00:59:47,2024-04-01
0xb13a760b6503f574439c47f3d1fa0d19283fd42e73779a4ea19e48612118b6c9,2024-04-09T03:08:59,2024-04-01
0xa4cf6868c506eea1b5cc1163c78464d15057f5bc9b122faf19f60bfb6806031e,2024-05-13T20:43:59,2024-04-01
0xbeff7b34d64b052e75355dec17e9bd7c2d1e6214e4c20b8dd471bbf04b7935e2,2024-04-07T01:52:59,2024-04-01
0xdbc59e30760bdd37dae7025ede2006fc2c84efe79762bc6c5b159a652d531119,2024-05-15T10:36:47,2024-04-01
0x970cacde9fcbd74f403e2d23e036966290f5d31914835d8de7f43efb97c83dfc,2024-06-13T03:05:59,2024-04-01
0xa2f20fc7f0d9ab12c8693f3cc76b0cfc0c946adcca2ee52a4ce23bdadd805224,2024-05-20T23:07:11,2024-04-01
0xbf19cc3d954ee711dadc26f3839487409d5915e9326bb22d28a24369b00c5dfa,2024-04-07T00:53:23,2024-04-01
0xbeeffad698171b7520ee1d4b33006e66b4537bf3a368901b124075a154db7e69,2024-05-25T23:12:47,2024-04-01
0x2cf383378d94488a1b76be0f66eed1777bc10e18597f2a6f87282064406fea14,2024-05-22T21:51:35,2024-04-01
0x3988d419750e72d16a2d7ff03ed03788e5f2b7290337976046ac0286d697385f,2024-06-18T01:23:59,2024-04-01
0xa1f91f0517364e5365ff98a817665bc85965527df3f097239467328fa594a208,2024-06-24T11:32:23,2024-04-01
0xbeef7a413fe496bd1cec6693a6cdf5331acef47613293d2647c8f089d5a7f2d5,2024-04-03T04:12:23,2024-04-01
0x4487a47b328bbc83cd1638a31847c158b856343c95d22e30a7d2e9655c050996,2024-04-02T10:36:23,2024-04-01
0x3f16d58e5fa65e6b415f50f1e19bff022d4d5186f1440fd2b2bb8a5fa0b9b659,2024-05-03T06:24:47,2024-04-01
0xa94e67f72980373ea3e0986d47d95e4694728d5b3aa840ac235c899201ff8ddf,2024-06-05T04:06:11,2024-04-01
0x72a7b18310e062af5daf45b2dd178b5afa8daa902d1327441c0a7a252390b46c,2024-06-23T23:41:35,2024-04-01
0x822af239b343fc271e377013e642bcd1f072330cd6a81f5067d63bc023ac27ec,2024-04-18T01:00:23,2024-04-01
0x3e36a08408c73011b6062fe6575724a1eff9d15b725437d116140b8a019f09d7,2024-04-06T21:31:23,2024-04-01
0x5ff5db25978296cd9f93a320231e4147a78611f241a277562de7670a3e2095fa,2024-06-20T01:57:11,2024-04-01
0x4688afd4da1f679149b0531ef549061a07bf73b068eed1ec18714e7f84c2e3d3,2024-04-11T00:23:35,2024-04-01
0x0c0564eec99c7f1ce610ffff26cfbb73610d9c7caee3c9073b8fce6e14c8c088,2024-04-17T12:28:11,2024-04-01
0x5652afdfd721b2f30b0e488423695056854b048eec5cfabd302a41b3d2bc0e42,2024-05-20T21:53:23,2024-04-01
0xf324dded287a3927080aa1e2eb1933f1c556bee1f1df29dc06113d52c0485955,2024-04-30T01:13:47,2024-04-01
0xadf603cca97d5cdab6892a7300f77db57afc3e5c5d0a3f798b6457f6880e44bb,2024-06-15T00:30:35,2024-04-01
0xad31b0cb25cc52fbe3726a04558c59bf6b97dbbe126382ef4734d3e34c8b72c9,2024-05-15T13:39:35,2024-04-01
0xf0c03c90cf3a066b992705a76e521f964182b77a5cd9de6b178324720ce26a30,2024-09-12T02:08:35,2024-07-01
0x29fc600e9664aa08e17bf8c2cb4ade5c40f1215933e2baa194d863944f1bcaf0,2024-08-01T02:57:23,2024-07-01
0x853a41a093ddcdd86389670bf8ac8dd23a4a9b8ef4e23559980474426ded1a5a,2024-07-26T21:52:23,2024-07-01
0x53ef85027e9fb711ede3edc7fee880367338c574f238a5f5eb117298845e9039,2024-08-19T12:25:47,2024-07-01
0x3896c116618e2b86b66b2c8ac06268b6e992aed87c008095ad6df81ac2b7ebf0,2024-08-28T05:39:35,2024-07-01
0xbc124ef4b475c4e636497131be8f973b23f0c41c614dbd7e4cdfed53d68992d6,2024-09-07T02:23:59,2024-07-01
0x8494da8171a5128e232e1168a6d1ad2c3d8637b5b5914a6f14013dd703025ca0,2024-09-09T03:06:23,2024-07-01
0xe2193e65f930eb27479e6c4d244fb17b288d6a9e25eed04c2f42a7af09b2b6de,2024-08-28T03:15:11,2024-07-01
0x1a7f46065f3f70371b0d789a410d6f8c180e7be820ff527d0d097c2338ee91b7,2024-08-12T21:55:47,2024-07-01
0x874756e075b19b3a40f201177c4825c6628bccce7d867db181269ca10ff91e63,2024-08-05T18:18:35,2024-07-01
0xb060306cc88d2ce719e4f8672b081429149de433eb513680c622b84318fad318,2024-07-12T10:02:47,2024-07-01
0x76973fe57d0a704e6c55e06cd9e2ec8558c9a6a16c972596aa9602a53a90f251,2024-07-23T10:27:47,2024-07-01
0x0f2188ff6b39353739b2686f7284922ade77cc66da67eb8126b5173ab51f5e55,2024-09-03T03:00:59,2024-07-01
0xedb7a02aed46e3312d3d75bd6ddc857503db97bb711cbf365fed0c9a6f2217f9,2024-07-16T02:39:23,2024-07-01
0xf0f0b955c8441cda01a2d8adc4079d65f5b0b0473c47be519e928c814297c5c4,2024-08-14T12:01:59,2024-07-01
0x9eb8808250ade3539ec1dc3883bf41dda644c9536151241174b5b9ad9ca1a8fb,2024-08-05T05:14:47,2024-07-01
0x72c89d3ae8a1377b811b64e2e1f85a9595a88c0fe665188e4cd553267f821243,2024-07-04T09:11:59,2024-07-01
0x0e30f19ad86661a38560af3791157c56b426d0420b677e45a99f210ae5a35a3c,2024-08-05T01:24:59,2024-07-01
0xb45c6eec697d5f99bdaadfdcf68163c0c0b91ec161818309ad44c8420f6b24ce,2024-08-05T05:24:47,2024-07-01
0xbc3457c60bb2df749f9d713b7a2a2a7b37715df5ea0293f23e9f828b04c916ac,2024-07-26T10:50:59,2024-07-01
0xba395d1dc2cb8d32ac0d189a2b1b33c09b210eb3d76f1b1ab64f7943df389584,2024-09-09T00:24:23,2024-07-01
0x601182e4628984b3ef2184982a171370999e46cd27a936a16147bee711e0ebf2,2024-07-12T23:38:35,2024-07-01
0xd1b3c115d6322f9c0b409e02d37989bae2f74012fc2fe48a8b7095f4ec080d2c,2024-08-18T16:56:35,2024-07-01
0x15290875987489670cd767c3d2a87c836845bcbc36534211457a2d72a4d0b796,2024-07-22T12:31:59,2024-07-01
0x66b13f7afd6f15df41ecda2bc735ab45782dcd6faa49ede54e48f84a1542a775,2024-08-12T07:32:23,2024-07-01
0x11cb583348d4e0239e788835ddd87341abac5502e095750a6578f3b92f2062b6,2024-09-14T10:59:35,2024-07-01
0x95e6b0277f5bf5629717bd2d2b8ac5aa6ec539df66b51e8186af3dfaa56e31d3,2024-08-22T12:50:11,2024-07-01
0xa872a33d9f79c34183185d79cd83c562dfcb957b360c660eb2c1509bbe4009dc,2024-08-27T12:05:47,2024-07-01
0x14b91de238258c5c2676db0d98da2db94b2ef1efffc0139923a5a08e58931495,2024-07-04T09:30:11,2024-07-01
0x340a7543c76010307218cd0c9706af6afa1b4390632fe216cea76f8d80dd5ff6,2024-07-05T15:51:11,2024-07-01
0xd165885614232220e4c4d0fc4aa894e0240e27bf5b7c5fdeb6e22a3c3d5a9eb7,2024-08-05T06:48:23,2024-07-01
0xf37598b944ae1f61a398e3d5b8e638471d02a41fdd088a919e6c22ac253f1124,2024-09-06T15:10:59,2024-07-01
0xb3e308a061d3e651c36c335de0eef0ca914c56f496cba582d1974feea2a46ef4,2024-07-15T10:18:23,2024-07-01
0xbdc4b7a845670d17e0291762d74cf9fed2fad3eb7ff43909d8c24f6f4dcc5184,2024-08-17T22:17:23,2024-07-01
0xcbf765e07279d681106e7eeab058d3bb4ab1a5f8ac7a43b850e0315993680cbc,2024-09-26T15:39:11,2024-07-01
0xd39fc33142d1dbe5abf70ce09fc6d8985be71533011bc24eed0717a35c39be25,2024-08-05T06:39:11,2024-07-01
0x839a4e28d0b20bcc1241479c2875f869f0f7c9699ebc03b52611fc3df58d64db,2024-08-02T05:44:11,2024-07-01
0x5a68712f8a63ff14b328e55952acf8d4eb62345778cbbe0a1a710a9c3ed11f31,2024-07-29T19:07:23,2024-07-01
0xb2b2acb6bda09734ca2a2332149e0b7c55779174a73061036fe3ad942161ae62,2024-11-20T13:03:35,2024-10-01
0xbccf214bb8281b40e722c2e5afd5387a2377b3098ff205bab95ae5e4d8472438,2024-12-06T22:38:59,2024-10-01
0x58a00fc131ea98f17d5b080489ef47313646ff3bdd5e6a0acd56313e6af2f005,2024-12-19T17:51:35,2024-10-01
0x182ab476aa848e59c45f932cfc31e08ff4eae3dd08e6272ec644d505cb612161,2024-11-12T11:49:59,2024-10-01
0xb1207a48524ef379f74f6a363d9d2062c8ac89a440fb7007d0f3d4c5d3cde204,2024-11-16T17:10:35,2024-10-01
0x05b21f550f99bd809e108d0d1238bed7c5ef53bde858c29ecc947b978cdb9072,2024-11-11T11:11:23,2024-10-01
0x278b32ffa926af78c9ece2fa979222542a35328b98c96fc82f50bc56c9bec3a8,2024-12-19T00:03:23,2024-10-01
0x72c1bc9d80b37eb6086e67976d71bc1e3cf8b0ccc4be48233f27ed6eb8ce6803,2024-11-11T08:22:59,2024-10-01
0x26be9af2603db845c03ad0652b43e0196a89f15c3de77f5c3a47ccc4b5ce6c06,2024-11-06T09:52:35,2024-10-01
0xc4d310a62e8ef9757b2673e76063e0bff7ca7474fbef1d5985a3d1b74c107af5,2024-10-22T00:32:23,2024-10-01
0x9aa4eeb10e1c90f1779b251a9dacc1644582ab6cfee8e0dab077a1a2778161d0,2024-11-01T11:57:11,2024-10-01
0xdf99ba4a1fc2b07356ad328ba10f6be2a26c30012b1b843efa8aae7d695352dc,2024-12-26T12:23:47,2024-10-01
0xae773c1d886a7a8837320e6487ce1427b459fc53a962f40cd8bca50ee6862eb6,2024-10-30T01:11:11,2024-10-01
0x5e6e6c69a0b3eb105d2fe4c828ea1fb4cd6f248926e002927f4d25953dbd1f5e,2024-12-02T07:02:35,2024-10-01
0x71e833ef20f9bbef23cae2ff0b44664cac96ebedd12d7317b40beb0fb88573e3,2024-12-14T20:43:47,2024-10-01
0xd9ba585dc0dd7694b908d4597b4127693f0874ee24fba31a3aad99e33291b3cf,2024-11-16T04:53:23,2024-10-01
0x0f86026cb7d8b52f2806ce5255ea4306eb81eea2d8e7e096acce158f2bab3d7c,2024-11-05T01:06:35,2024-10-01
0x5fb0b27abbbaf759b9349a24ea93ead11b5f23fa3a891dfe62cd5da8b0660259,2024-10-04T02:43:59,2024-10-01
0xf7eecbcd8551e38c8e567fd31bcee01542eca8b97ba62a636e2942d19fd8bba7,2024-11-04T21:40:23,2024-10-01
0x451d7681b4d8de46b85e821a6ab8ae88ba78398c6f3a8e4e98689b553aac7997,2024-12-24T15:32:35,2024-10-01
0x45b96b3e01e87975031548ef385b29afde5878fecdf360e3f6517fea295e88e3,2024-10-21T18:05:59,2024-10-01
0xf11b782296c8fbd418b9d2ee25908d7d4f87a42decabf3280f7d9d1a7de12e3b,2024-12-15T23:05:11,2024-10-01
0x26eccb851ff7a75d76995bb10018e1eea947c59f8b28ce7bd575187a40821d42,2024-12-29T18:40:59,2024-10-01
0xafbe244983d5b0c9c066cd6fa6e137f0c80105664ad4011c26b280fce99a8623,2024-11-21T08:37:47,2024-10-01
0x0179d99eb562eacc885ced37a2d8042a9af85b9a032dfa8d3625ea2f2953174d,2024-12-03T02:26:11,2024-10-01
0x8eb68fd1dc5857b2148087f0b6f733d76dcf6a9eb019da4ae24901ac21bfb709,2024-11-29T21:23:35,2024-10-01
0x737c6166795e75c3225734a3299e12e9cd37112bbde0e727098a9b730b8d5166,2024-12-25T20:03:59,2024-10-01
0x47b9b2675e57e05e451e326cc7dd4de96b92f5116588032cf96981d5c2f13fb1,2024-12-07T11:47:11,2024-10-01
0x949460bb78a287a68aa9c217e87576a1716b4088571ad81230953c7ff5c29c09,2024-12-01T13:33:23,2024-10-01
0x2db06de7decc678b75c362a89a59fdfac120059b654931b1ab633bb7e22fdb57,2024-12-15T01:16:59,2024-10-01
0xa17c451f701072bc9d30cda66ea5254066bef99077e7a6861da5118a6a8dfaaf,2024-10-27T21:33:23,2024-10-01
0xc231f4b97b027766d402881280610ff9a8dee8037aef607c0959db4f8a891cc0,2024-12-15T15:20:59,2024-10-01
0xe666132f68fc1ec935af85afe9ffc689b8f836115a3389e2423a35e5c2b88020,2024-12-09T00:00:35,2024-10-01
0x62934057bebade93f3f340cd62c51e236619c1df4d44505c5d040cb6597a0305,2024-11-07T03:42:35,2024-10-01
0x2a37f7c9cf3a7748272a941aad41d0e5e763f2daa9e87200e7791ee488bb7c45,2024-10-10T21:36:35,2024-10-01
0x2c192bf6b7d210f5d3ab5429714e8e4aacb99a9b678805955029055052e7596a,2024-10-03T09:32:11,2024-10-01
0x41d49528473426f195851cb32b1b7e1bc5ae2c27c46d422c86b711ac02ff5e80,2024-10-27T17:45:47,2024-10-01
0x4f4bbb61c1616430515571c9b414c7dcf238e4c68472f4baeeaf8829b65a1b81,2024-11-22T06:28:47,2024-10-01
0x62916cf90cb4196b52577780f15345de354b1ab79c963d24712909b288e70f71,2025-03-04T20:12:47,2025-01-01
0x5a8a87c64d942d8b2f0d8765f156d7f7f0567749490366b17014d2d546284d3e,2025-03-19T22:18:47,2025-01-01
0xab98d9bcb301d2e39584984624fecd18eb9376384d03586333730dec980e4c35,2025-03-06T13:21:59,2025-01-01
0xdd01bb91d5545fc930eca109c91d6e0157ca33ff9f2b5f5434198792663c92b9,2025-03-21T19:31:59,2025-01-01
0x4cf51d6d9ad20c66c80e9b59af5d3e9304f1e1136165a7ec6890ef5cfa993706,2025-02-03T06:55:23,2025-01-01
0x799cc708b403ffde35de9fea9140f8464bcce216a92a98c45de315f95fe598b1,2025-03-07T21:13:35,2025-01-01
0xd0d44166f05ec041c98bbe6a57d7ec40a28fbd511dc2b8d4ded3fc6a3867077d,2025-02-03T04:49:47,2025-01-01
0x93d628914c289bbcdcb4b39536a11f638a93b56fff93af27c1da205b21abd78a,2025-01-27T22:13:59,2025-01-01
0x5f14dc94270cf536f45b2436d9a52c861a84b8873209906e390ab57ed72f137c,2025-03-29T19:11:35,2025-01-01
0xe16c0a715516d5bacc35168c145d517ab91c3bbe96f6ecdbd9d9acc089b44724,2025-03-01T21:57:35,2025-01-01
0xeb07fc0b8794733a96b6a3c0ea1d841089e2ed5e4a8f05fbf3194b5f53eaf587,2025-02-03T01:49:59,2025-01-01
0xd572966096b2d2ec737c45adb16fd00debf0f96b9d1a6241dcb3f44e9cad452a,2025-02-11T23:35:11,2025-01-01
0xd94bf1c8924fdf8d81ea950c583f6066cbefb708e968b715cd0f1847fee09093,2025-01-12T12:30:47,2025-01-01
0x8a3ab7ed7866efa8dc3a6c7cd4e2ffe58c45f97b46e7accd8116c2ebc3ea6ec2,2025-02-03T14:20:47,2025-01-01
0xd85d90abc70df9416ee19b472572d8f25bd872678a60cb08fc8281cb44416fae,2025-03-27T02:10:11,2025-01-01
0x1aed8291928f4fc9a06011df80bb87e9ed90e3cf056d5fb11366411ff4a6afbf,2025-03-04T15:05:59,2025-01-01
0x4a2b0aca24cedb8fc328e33f8e036e131738aa9a33c96cf3712687c043565a01,2025-01-09T22:10:47,2025-01-01
0x6844057065e2793dbc0d288091ce7718018f826ccf5e5149b478714e57da07a9,2025-03-01T14:12:23,2025-01-01
0xf8d2fe74f772c77278caa329417384ba75e672cea083a48bdcf06206549880e3,2025-02-04T22:19:35,2025-01-01
0xec587906adb4a25cc9aba9955846e6e64db9c78d95bae3695fe21fb7286cd2a3,2025-02-03T23:51:47,2025-01-01
0x4ef07985fc4f2549bb3a3375b4e30d10816438b0222166a927fbf93ec83afc80,2025-01-29T13:34:23,2025-01-01
0xb198bb67e53b0ebc625b69a3dd627e0e336b0f07a39f9d030f419cb2c9f813f7,2025-03-26T20:24:59,2025-01-01
0xbcd477196e5b6f5f1db779bd7d3c79b56dc6f5c21d9ed8d50d7bd827920aed42,2025-03-29T11:46:35,2025-01-01
0x9ff4e00cfacb5c591da72f178f9c536236f30180e1a66b90f0a5b6f678caa4b2,2025-02-03T01:57:59,2025-01-01
0x0a981dd02f9496ad3110497fc23397ac738caaa169fafd7ebd2fda6e01a2eefa,2025-03-05T12:43:47,2025-01-01
0x48e0bce27df9bf050a2e75f859edf5040c568946be8f60149cf40cd1dc2f3f11,2025-02-18T14:25:23,2025-01-01
0x387221da7a59a9267db5b537177efa3188532582a7f459403351d7fa98a8776b,2025-02-07T04:16:11,2025-01-01
0x53b8b3b24ee6d562caa34ba000b1c261a7916ab72c9f7b8d1f5187c501f0b34e,2025-03-27T15:29:23,2025-01-01
0x6bc686ffd95f4b85c90c0b2089b3ebf99be8c0872135eadfd24e00309dcbcf72,2025-03-28T06:50:23,2025-01-01
0x36201f3054156140c1e099b444858aca8542198866d31388f49a8d48664d895a,2025-02-14T09:41:35,2025-01-01
0xf2e8e1c0c7b16dde03daaa05d1cb1e55eadcf42634b84fee01086f92bb5e01c2,2025-03-16T18:53:47,2025-01-01
0x63c6bf7aeee4c82d61943a0cc169bd3c498aa984927fbeaf6752c8b3cbdeca7a,2025-01-24T04:03:11,2025-01-01
0x48a2f90c7b1327719faaa4c0e7b44b877f183b17bd10b36c00fac764f660f339,2025-03-14T14:55:47,2025-01-01
0xb44c9400cd03f48a26e15a961861c9016ceaf4d9df9f9507484af6cc3d14d81e,2025-03-10T17:08:35,2025-01-01
0xbcc8d5a44de52cc1c87fbc156ecf788c0fda55dc871660fba1df280d99109b7b,2025-02-06T18:21:35,2025-01-01
0x5b271ea6f57d736e9d24988948e887e7583db0470bf1fb26513325568af7f004,2025-02-06T18:32:35,2025-01-01
0xfc9f38c7c2ebda6cbb9ba1b9a54f02cd3c2ffa258e005f89aad3bf67b6e48a06,2025-02-28T03:09:35,2025-01-01
0x3c3e02d9553c598293b71a482cdc46643436aba3936c418300edeeb21e1536ff,2025-03-16T23:28:47,2025-01-01
0x3d8d196137ede512d675a544f892aaa29db9b3b986d38ba75fa25384d07107c4,2025-06-07T13:44:35,2025-04-01
0xf196204c91a032ea71f242507159fd30c309e1f0d46f3f93b67a666422f12ff1,2025-06-29T09:53:11,2025-04-01
0xc7ac3565112def5b11eb1e3a2ad48afb8fc706506ba429cdeec8bf2d58c784a4,2025-04-13T11:07:23,2025-04-01
0xdab6bf94c84ff565a148ee930eb8869b5b22a1248a148f6cd1bbadb908625fd9,2025-06-15T20:00:23,2025-04-01
0x962b5ef8d7e0c429084877113a0242005f0ea0cab4711ffec5b62814732af49a,2025-06-22T02:38:35,2025-04-01
0xb50b943e94b1868d2cb6a9d001db01b93f98fa8308931b1b74e63f3aba58c4a9,2025-05-07T17:07:59,2025-04-01
0x85dc192499cd14c2202fec742136d142aab9911aae9450ce99bb0c560f8ec462,2025-05-06T20:21:59,2025-04-01
0x9727e79731fe78ad306f24caada730d7c9adea8f2e62415f23173c216d40df5b,2025-05-20T18:38:47,2025-04-01
0x7c167926338ee8896cadc116a5a05716245dec5bd478c95864315a8d3bd6fd8c,2025-06-18T04:40:59,2025-04-01
0x9b41e92a7748b1af15beb30338329ccb4366ec0b0f8c21a3635337a149ac6009,2025-04-09T12:46:59,2025-04-01
0xb1e46267e43aabbf215264179a6a5142fac638b24c557c1eea765a9e43b28cf4,2025-04-25T06:00:59,2025-04-01
0xbeb1462b1fed02fed8cc103014fd3a43acde13d0d1e29830b05a2c9d0a584743,2025-05-12T05:44:47,2025-04-01
0x02438337d2260bc8f9a00c746d662798c3b31cd7664d965828911ba906248a2b,2025-04-08T02:59:35,2025-04-01
0x37ff367c8d6aa0b6597eff2e539f0534805b8a5f578d6b8717563f213e2d3886,2025-06-23T00:36:35,2025-04-01
0xc31ea43a2e72cbefed28c774c3b857b1ad9d19b3f37fb4b70b68ca25a24fded3,2025-05-13T04:34:23,2025-04-01
0x76fe0141402f79e29ae41819dd2c99f922c45ff3bcec78a7b6900707db01639b,2025-06-27T05:52:35,2025-04-01
0x3e3c242ccd3044f2ed02f853b97ebd2627edaf991c00311ad148dbd7c435cb83,2025-04-22T01:33:47,2025-04-01
0x70eff2704f750440c346539402abc3137ed895bdfe6aca4f6611f28f02640d52,2025-05-02T16:52:11,2025-04-01
0x408e11d631fdc5a5a9fb433c09f6d0773bb7d6378c2863bdc58e07a166e272dd,2025-05-18T21:19:59,2025-04-01
0x60b16c2f94dc90d06b324376827080c8e4d9d8ec84048ea1e32617a16fe61488,2025-04-07T05:17:47,2025-04-01
0x6d358f22b680b29e782cd1abd1ad27b7fd406a8264aa6af1d9e89bb215d6e5e3,2025-04-04T17:11:35,2025-04-01
0xc2bf1ba46f4a164ce1a77a513b8da124a3ace3a5646431705c86d8524d6f91ed,2025-05-18T23:57:23,2025-04-01
0xdd4b5e3e70e10d3a8095b68638925b58d662e1c741353dfebc7264c836d7705b,2025-06-14T22:32:47,2025-04-01
0x0d461c7466a02b0edfe7e7398b822d4a4754e1cd267f9c31896f0b7bfa6dfeec,2025-04-30T23:35:11,2025-04-01
0xd8182e7886887ccc9909f6c84ef2308f44b57a5e0bf9b3a5520897c92943de9f,2025-04-09T01:58:23,2025-04-01
0x2f59b012552424c51836c81be44c3ba886fe5c0ef9d79a4446adad5e44b115bb,2025-06-22T14:28:47,2025-04-01
0xe64014367cfa249f31af95b2638da6d40c8dcc53fce1439316e59658cd103d12,2025-04-09T21:23:23,2025-04-01
0x3692c1f553bddb2a4d3cb21fb94efb0619d35fa405c990e48d6f98d97513e14c,2025-05-14T02:09:59,2025-04-01
0x12c1040b04f9e246c4ffdc8cdb72815a39019ced114366336e15a02dedc6ccef,2025-05-11T13:43:23,2025-04-01
0x7fd930c92689ce8d459e7ee46105b00e5295fbdfc899e5c7521cefba54dcf2cd,2025-05-07T14:08:11,2025-04-01
0x018635ec24d0f76ae986939b206f235a7ec335d6ec600e8aa699e254b7eb8d65,2025-04-16T06:24:47,2025-04-01
0xbbe40902d6a68b6b565c2c843e9c04132dd94c9f39b5a42c906977407b581700,2025-04-19T14:42:11,2025-04-01
0xad49dfa350fadc792a764c80a2579ccf7ef6a5d8dc29633112cc51f024c1c0eb,2025-06-07T02:40:47,2025-04-01
0xe7e2af2532b7d48089801d41528a837ac0b4c65275e76e964761076bf010cd39,2025-06-29T06:13:47,2025-04-01
0xed0b469f9ef730c4f97290153abb0924dbcd2ecccf2e510e5a201912de4a0bc3,2025-05-19T04:41:23,2025-04-01
0x2d1c72dc8329e9798dd63ad08f5b5d57cb16ff408e7e72b0f6279065aae01c7c,2025-05-25T04:31:59,2025-04-01
0xcd8858fd9ccfda81b3247b3ee2cdd767934a451f291815f27420977df4d5c44f,2025-06-17T02:55:47,2025-04-01
0xc90d8e817607b8eacfb119eb00ff4c118f0c4904efcaaa97b86a4a971a60e840,2025-05-10T17:09:35,2025-04-01
0xe75edf04c59ee099f882b1e7d9d45d63b764d0513b2141e8758b055d7b4c4d16,2025-09-24T11:59:35,2025-07-01
0x5dfdf8a718c8e28d753c005041b4d3efd75feaab9dea341f27dc2ada66eea103,2025-08-19T04:12:35,2025-07-01
0x5b9662319994ac5fe325fb42f4cbb249f6bf04e739d78ed52b193507779e84a5,2025-08-07T20:44:47,2025-07-01
0xa33d258428f51203151558f1de93447efd546449a3da7c3edebace438fdde2a5,2025-09-23T19:02:11,2025-07-01
0x1231a92d8173891cb43fb516b79f3c26fa24867e314006a5a8c64cb6da8ec897,2025-09-27T02:28:35,2025-07-01
0xfda9904dd26814266a442a5d5708a4bb4f333acd07bce753a932b3ec41853a40,2025-08-16T14:10:35,2025-07-01
0x55909a197c9b8d77b40b310915310235d4ee606dd2ce21109df3cc04834302d4,2025-08-17T11:29:11,2025-07-01
0xcbd8dbe6326424753336216eef0d40498e75eb3676cfdc62c3359981f1177e21,2025-07-13T15:12:11,2025-07-01
0x2f48ad863e6435162e2ebbfb2c6e70bf699eb0d79e7016916a6b8dbf241cf396,2025-09-26T07:59:35,2025-07-01
0xc2dee780874d7bfc115c16d4381033a1f5818e6b3d6f467e5941cbbc8e89bd9d,2025-09-24T23:36:23,2025-07-01
0x0f60a9b22e9eda0229d4d03ff3bcf038bef2279454a451198dabdb57ecb17d10,2025-09-28T00:07:35,2025-07-01
0x0e1b60e21253e9d45ab72fd86a362892c5d8b8f1be15de8d0d16b9b11f3db7b7,2025-09-14T04:19:11,2025-07-01
0xf88acf6774955f4f94fb098b2570276fc50311daeadf175288a6f84cb2cb0a69,2025-08-13T04:05:47,2025-07-01
0x7d988594e357cc0eaf29602381c30824d9053a3e51dbd2590391d8c6c9542a08,2025-09-22T19:17:59,2025-07-01
0xf56b6b25d701e3d3e0679d4967a352b98fa3775d56a6686416a329d753e59782,2025-08-05T00:14:47,2025-07-01
0x7b520c58a5b7562a4e815c535d494e4de6f0c5c63a3d78737de1cb0bb824f1b6,2025-08-12T18:16:47,2025-07-01
0x2fca765d88af0252a7eccf8b90aab81d972862e1fac7eaeabe1651cbf206da50,2025-08-23T15:39:47,2025-07-01
0xacf2ae383742a00006d7b1990faf4157f676080e92ffbe9e59c58b19a8a2cc95,2025-08-18T12:43:35,2025-07-01
0xaebdc07d3404d547eed608e3c2d57583f1e24daeca665ebea1c30c0cdb614d63,2025-09-27T09:21:59,2025-07-01
0xab18aedc70b618a90266af70633ca3ad31e73af864ee19ff46625bd0ceae4be9,2025-09-07T22:54:11,2025-07-01
0xda9ef0a4c07670f084cb505661244d93d14591d17a28f0ca6d35d96beec174b5,2025-09-15T00:51:47,2025-07-01
0xb907166f97f2d97eeaccd01bcf38404f741af70944a2bdbad3c94c1dd4db59c8,2025-09-06T04:16:47,2025-07-01
0xac49804038c657550b61374b99fbc2adf5b325904d21d91b7ab854a9b5161488,2025-07-12T11:53:59,2025-07-01
0xbd35f98a52df9e1af64c1b9e29f711b5e02b8e51e7a36b8933700000c177f29e,2025-07-29T06:06:35,2025-07-01
0x42c7510f300dda7f8773b43f7bec0792c6e36ea7188c308d70098a20f99ca77a,2025-07-18T15:44:23,2025-07-01
0xc4e1e9cacae29d7531baf012aab7cdf63527345ef74da226a405d2762286e466,2025-09-12T06:42:11,2025-07-01
0x8e3860c923521bbd72971ef742d489f57a7c5b13d88ff27738f101bf8bd8ba84,2025-07-22T03:32:23,2025-07-01
0x9236ac251284b9ef966d07f5fa41cd86854e7d2a4088f52a2e361fd27420720f,2025-08-22T12:44:23,2025-07-01
0xbfaf69c34e54e3b9dd4190379e6cf7b2a6039182519b9b8d3d7b537039a60979,2025-08-11T18:39:23,2025-07-01
0x9aa8dfe4c8698956bc15fa524e26e4f1785dcd576409f172c993d0aefffe29ea,2025-09-05T18:16:59,2025-07-01
0x17844339d432b81d4b173ea18eb7787149fc560a47c55c5b8a76d41a9aa4a436,2025-08-12T05:54:59,2025-07-01
0x78ce5296be47ace01685ace11f6072314372cf8c97ce1973dcb33a4e4abd2c04,2025-08-03T03:56:35,2025-07-01
0x4a5f0bf2c884cdf4a2bc95abced1e2bd198f1f4de9988bc690a6b9d0f4d85473,2025-08-02T04:18:59,2025-07-01
0xf7dcfdb4e208f35e0f9823600808599057ed0b369b966df27415bf2c046477f9,2025-09-10T01:09:11,2025-07-01
0x1ea5033fcf9d92c3416bdc57babb6beccac8d845a337721e2fc6e63088c3d322,2025-09-02T05:21:59,2025-07-01
0x992c212399bc2f80587c01cedb8f4733eb9b2fab8fa6ed5562669a1a302d6940,2025-09-11T12:14:11,2025-07-01
0xb2b90553628b7bd47e39c9a401ccd0dc574af06f789d402645df02419dd489f5,2025-09-26T16:09:11,2025-07-01
0xd0bacab69ce1a5c32febe9420b9d3dfee05082786cdcc2caf04de2d85bd90ca3,2025-08-06T08:17:59,2025-07-01
0xe35285d71847ddf1e6352b5798f5d0ecd301cdc70fc01a5b1169e58afd77a413,2025-10-11T20:32:23,2025-10-01
0xc0009f4230d381cd4cf6430ea769ced577164e8094215b38855f1322e8fb8f16,2025-11-02T04:15:11,2025-10-01
0xfec53268b3f33bc6368b7186cf5d239f4b114ff84dece761de1fd813b682d891,2025-10-26T22:00:23,2025-10-01
0x6d05f3c7db034a2280fcc316f03f6e922320dc6850c67f497c14bfff7429d02a,2025-11-09T20:04:11,2025-10-01
0x45f41c8ea05c89f5bb079d32cbdd0fbc7718d03f4f56d2a169b34a8315db862e,2025-11-19T21:20:11,2025-10-01
0x9a6d5c4e50b9a834f1eb1c97e3c6ec48accdaf5e9f25756f9fffdb5c83bad532,2025-12-13T22:53:59,2025-10-01
0x9ace4cc93bea54142da30f40c123ec73218900d7bc9206a74825eaa295631343,2025-10-26T15:03:11,2025-10-01
0xc88baab2bec16e7e6f9e0eaaa541cd315e954562787df641b1ed773a4bc0905d,2025-10-18T21:36:35,2025-10-01
0x096dd118a747d17eef45ae300e0e6b83a01f9f4bdda9b0cb358d71069ba333db,2025-12-30T14:58:35,2025-10-01
0xfa47cca25ac99260176134437f6466ad0f2a71da0d03af62d465849b211d3643,2025-11-23T16:37:35,2025-10-01
0x5fa8ab850da411acc70269df64407324990e0a1efc8ac57b14d11064797a9447,2025-11-26T17:53:23,2025-10-01
0xd99e4a9027cd0d31117956ca75c7580c7f89e0dda8c694d59c46790d27805727,2025-11-26T16:49:11,2025-10-01
0x53cb123ceb3073bf53f3528c1fb0b1626099e0cc8a50b93c59231af0c685d653,2025-10-10T00:10:47,2025-10-01
0x251f46ffc029344da63e58690f972e6ba226a5db51b48d9ab50dc75bc12e091e,2025-10-20T15:02:11,2025-10-01
0x7a36b76780822bbe5985a9e202326fcce06533b0c1483228d4ca3dc9f4c60dbf,2025-11-13T00:35:59,2025-10-01
0xcb3b741dbfe9eaee714344111cf87d7339561fc0ec5bf62dcbef6b0ed026cb5f,2025-12-22T16:01:35,2025-10-01
0x54d2f16260e6d4ea2b1024316aacf585347687461112300c13e40e62f545bba2,2025-12-21T14:09:47,2025-10-01
0xb7d5d792763d6d3836ec0090c45e374fcdfa04719f6498e58d486fbc2778c63f,2025-12-07T14:28:35,2025-10-01
0x425f95d5aed032304b705f43d3a64a9f591b0f5df6c57542650ceb7f58b899ed,2025-11-04T01:51:11,2025-10-01
0x0ea178a8dcf10d8f02a7987d806f8ea33ec4e785566518ff1ba1fa3d01aae2a6,2025-12-23T20:46:59,2025-10-01
0xa93af1537990854d5cfec3786c49df582a12923a76f5c3809e98503fffa8789c,2025-11-05T06:11:47,2025-10-01
0xc3e65e1ea1bee9c2895e93d27772757538ab08974d6549f4439dbeb76840e04a,2025-11-26T18:45:23,2025-10-01
0xd794aa6d912843382128e48229b458d10e03ba9b580261090dd9743d95cc4921,2025-12-23T17:41:23,2025-10-01
0x0061a6b994d0463570b730876da09fa00333697377c01adf96288cac3d1df885,2025-10-12T21:49:47,2025-10-01
0x9dc533527d3b88b9708d604c62fd6ee4ea2f033c18ae98cacf9339b8d567bb27,2025-11-02T14:14:23,2025-10-01
0x76c866a4438df14d3a2dd46aa0a037bed66ebf6b8a0855c57b34a842edd9a327,2025-10-25T21:15:23,2025-10-01
0xa805485c6f2384b119eacd78646a3c9c4f2a53d66e45b6f46d57cff6bcae69c6,2025-10-02T00:19:35,2025-10-01
0x69b411084cfdd24db2a77cde8a6b6df5b6ccadcb60f72406a461dd4121899985,2025-11-23T12:40:59,2025-10-01
0x169dcbd8aff06c0c8ea6cf9f99fe367bdf11b8795054aefa668f021d695fd6e3,2025-10-05T06:50:59,2025-10-01
0xec67ac3fb517ca06144f27196eb221e2535b236877ce16059d918623509a53c9,2025-12-22T00:14:35,2025-10-01
0x1fba2875755f78325e7c4ffe7b75ea49a15f1fe5751ba533b1143df5d6eeba7b,2025-11-03T06:35:59,2025-10-01
0xbc509c264f43cbfa5e4554dd0e58c8b9b2ae372e4410750c41773d8cd70e8c54,2025-10-12T20:44:59,2025-10-01
0xea1922b6463034e3390d29a1e63a044a37cf016c72b2388814152a8e1e744cbd,2025-10-17T05:59:59,2025-10-01
0x23a7f8065bfd1cb81cbfbbc2eaa1ed6f2b64e65da7b8cc16e848217a24943c11,2025-11-12T22:45:23,2025-10-01
0xf2be798d601f44be9ef5dc9e6940774a142c12be55d084681a8e397978a0cff8,2025-12-15T19:51:11,2025-10-01
0xab7a3d080d94374dc569d141c51b69284b7042364e0d3031edd5328e816cd5c5,2025-11-19T05:03:23,2025-10-01
0xd344654b03bf5ae1fb82cb43683f7fb1f4dc8345f4b5fa87c50015d988681a30,2025-12-01T00:31:11,2025-10-01
0x666411b0cd365ded35d2015f700811506a165f192d32e9ec128839fa779d587e,2025-10-03T10:33:11,2025-10-01
0xa8c24d94d246558fc619c3e1d82ab9580f9375cdc137b64980f542a8ddecffc3,2026-01-13T03:14:23,2026-01-01
0x3a131c78acf3349d62fcc2e561ca2a8a188e8d7fdd59241f5f62a2eba1c4f28d,2026-03-14T11:30:35,2026-01-01
0xfd683d25be91538b48c1f6b78eb2aa2aa202f883d3ac39301a01c328f66b0877,2026-01-14T19:05:59,2026-01-01
0xa2c5bbf187a61bf8238d34e1e4899e392445bac7144c2d5a1d8396929d7bb4b3,2026-01-14T18:51:11,2026-01-01
0x9dc82e37dc62e3fb840691764af24b14271eb6c1f74c73e9e24fc8efc47817c1,2026-03-17T01:13:35,2026-01-01
0x730492d9f63353ce0fa8015968a43f01baba728d334285a66b35345704901749,2026-02-28T11:29:35,2026-01-01
0x714e3e1a22753e2217cbbde5964e90f73db6f3ca9bb2783c55568e0663a46456,2026-03-02T13:15:23,2026-01-01
0x5ff41f76bd43b3bede4b8c83d888855e6675c9c247183b8ad6a3f58522cebb2f,2026-02-03T07:59:11,2026-01-01
0x8061893534fa7912247384065aa19082cf20527a66b3c24c01ff2cb37da15f4f,2026-02-15T09:10:47,2026-01-01
0xbdee8eef043bb3d81ed6116debffdf1fc9fd427179eaf4c27b4ce7fccfe2f1f5,2026-02-27T14:37:23,2026-01-01
0x7d8f15772d650a31fc1beba8cc131e72f4778dd0d1df0c89d8c124a245504364,2026-02-20T19:51:23,2026-01-01
0x023f3df6c5c38c767ea4111561602cc2ec48c45335f5ec43512922779e54852b,2026-03-01T18:06:23,2026-01-01
0x0ffc2cc62f0aea05bbb9130282c383c77ea5906126a5ba6d607338509672772a,2026-02-01T15:18:23,2026-01-01
0x453640cf8ff4b0db0c3bc3c3aad87d17f80a80e14763f3619baac9dafd89f597,2026-01-07T08:41:59,2026-01-01
0xdac118339fffcad465e235f7dcf5b3b07508def99c399121387fc5cb380a92d9,2026-01-19T21:44:23,2026-01-01
0x72af9ab20933ede34054c06b09a162276bd7b0f1fa17c16a94d80a2b328ec647,2026-01-05T22:12:23,2026-01-01
0xc6c527efb019ce35fc38d8dc9ac8ce1a42990058e5bcca4f2125d602d8cee3bc,2026-03-05T03:57:47,2026-01-01
0x4ecd66afd1b490ad2ec1b202186a334bab62dcd484ff01e04ea84237f5fe6d3a,2026-02-10T08:37:23,2026-01-01
0x7931f89dbf36353d921fbcf60bbd255850be67e54bfa85b5cfa82a3ec36a9dd7,2026-01-31T13:44:11,2026-01-01
0x948b918b8582411ac7c18edbf7f179b59b77d74bee8f96a023be3f43530524d6,2026-01-30T13:53:59,2026-01-01
0xa9fc851859820ad0d7e698351934c09d36f63629dc5bd4c050e925e071ec94f1,2026-02-01T08:09:23,2026-01-01
0x221dc9c52475dd9d6e1b23478c8bf4dd0bb6c7ed8da451af52043f93a0329e12,2026-03-17T04:44:47,2026-01-01
0x15cecae624ccf135fb0f50de2ad3152da22b5625937fd13bc1b93f608c4f96b4,2026-02-05T18:00:35,2026-01-01
0x45396d3ed33d167fb408e884d654408c1e8459cbc0cad9e7914d2b163da4f0e6,2026-02-13T03:18:11,2026-01-01
0x5cbaef80c6b1d279915c89e531d5a77e6537b0f831de61246721c7f5c214b026,2026-02-24T23:04:59,2026-01-01
0xecc3de1099358b249d3c9c04385b5f2d85f25e670d30c42d398ad506f9417374,2026-03-23T17:19:59,2026-01-01
0x4481e9698e291f65c47636ffa4b06171de321ae2b11a91b33bb7c764bc73bf22,2026-01-06T21:14:47,2026-01-01
0xf39dd824402348654c36866a3e6939d47298fc2c459ebbdf142daad048cd8b9a,2026-02-06T22:38:35,2026-01-01
0x6668e36a96f600da9125c7a76c857f1fdbfd6259eaad73524400845ce9da6e6d,2026-02-01T00:16:11,2026-01-01
0x5d37fbd029642cbbc24212fd1dbbe1a67b0f8c28663148cd06eeeb554d51c1c3,2026-02-21T10:46:11,2026-01-01
0x46d5453f9129b513b82db8581848b4cfc485f3bbde1bb675f1ba1aa94b0b0cbd,2026-02-06T08:55:23,2026-01-01
0xde9965d9aabb701720d7a8e8c8009402c0d87116431487d4f0a2aea3ca8fac73,2026-02-16T16:06:35,2026-01-01
0x7e4602f19dd5e6438620d88aa1b024cc4f4ffc23f291d7e31c3cd264cc8613d6,2026-01-23T15:16:47,2026-01-01
0xb153fb268173c819c4800b0ae0224225092bcc5535c227e73268f3a868755ecd,2026-02-19T01:29:47,2026-01-01
0x635601db55de30e920a206297f6dae7843c126b2cac3ee06d90155d64c76f2c5,2026-03-13T10:20:11,2026-01-01
0x9a3120299004af0d614ffa5a1f3f232005ae1a5523a7c76c575cc3b5891df560,2026-01-01T04:44:35,2026-01-01
0xc49fb85afb2399abb7b76661eedec8a2646036424de77ed1f819acf912758f5b,2026-02-03T11:30:11,2026-01-01
0xc49066377b4f145f0929d112832217df01797266a1c6c56e781ec11be2e03a48,2026-02-12T15:20:11,2026-01-01
0x3eb61325cb8d6b67c6ddfcb165e58c0f8f5ad67209812d0f5c0505c4dcc781e3,2026-06-14T06:37:59,2026-04-01
0xbe49f38853f4200b6a2a3241a1eb68198d5edd9fadced45e8fcb64300749b67d,2026-06-03T00:18:35,2026-04-01
0xcf7aefd66c73abd28451d29fe9430a7dcb343a2780a80f14da6f3b3bd91f5cd3,2026-04-09T17:10:35,2026-04-01
0x4578d0be0240a9dc3ba28ed39a511162beca1d9c69d3bae496285fce785f6b36,2026-06-15T02:12:59,2026-04-01
0x04fba7ff8303028fad6db65f15433b4f12251063164cc0a79eb3c772dca19313,2026-04-02T21:11:23,2026-04-01
0xe1c46097f69bf39100c5fdf13d05e6bc4c9261b22008ffba40366d2c90278225,2026-05-09T21:27:11,2026-04-01
0x429ba7d3e4f1d4938245f6aa72637b740ef8fa8e64a889f0b0f93914e110279c,2026-06-06T19:22:47,2026-04-01
0x26ca8bfba99c3083a894a87684371be3e338b3dff0b68d319e3d930cc6aefd5e,2026-04-24T03:41:35,2026-04-01
0x2299d6703912ecf4d1a4c17908fa2f5d90700c99613d74f8661fcde0cdda3820,2026-05-24T16:42:11,2026-04-01
0xba0ea168cee1badf3ff8215bb442027212764fbcad59c84f44eb97e2f492b544,2026-05-06T12:37:47,2026-04-01
0xbe72b167a3f147ccb1d0c36e4293b2161ed18586479a707a44686207f5f35983,2026-06-12T20:47:47,2026-04-01
0x8bf538c1148fdb659a0d5ba904c385647a012882c7bce0e71d91e8e02754d177,2026-05-27T16:41:23,2026-04-01
0xd2511d70cc81dc598f48b428c5011db85a73da3d8bb3c84783aa346e81bbd921,2026-06-08T21:10:11,2026-04-01
0xe581a0c645cd3e2e79f7433c45f9f615315478d6463b125c2818a63e46060949,2026-04-19T10:57:35,2026-04-01
0xa714c8a15db22b7d301a5ddd2caf99acf6d64c38cf7e036efb8af836e8ddf0be,2026-05-26T16:03:11,2026-04-01
0x9ebb1605e78b673109327d8c03bfa205ad4468fb0a47333b381d3d62aadf518f,2026-04-19T10:47:35,2026-04-01
0x71cdb59d53e61bc2823b28f7407ceba3061b00a177db7c62c0e70946280b8f89,2026-06-13T11:26:35,2026-04-01
0xbbb1f0d021b23d663703c2055489f7792b1ad031c08434618d384bb95256a54d,2026-05-08T08:08:23,2026-04-01
0xfb11d2af4627c9c3b515f08f0d8a0b9e40a6ee7113a9bdb732a6942c5b660b25,2026-06-03T20:46:35,2026-04-01
0xc22ed3a33ec141c9bb2b0a32a6c22799b011fb42ff380b809bc427920c020bea,2026-04-13T14:58:59,2026-04-01
0xbdeaaa6798ebed7a12c3eafd2bff683ec42e66157ee999f63ead07ecb8f283de,2026-05-11T23:07:59,2026-04-01
0xbee304112a0b63fce62ac61bd9d9fb345b64b3877c5ebd7d3a77f24d76172044,2026-06-03T23:29:23,2026-04-01
0xf0280fc3530b6b661827d9403c6e73db821f13694fb1b2bc19b3a523149f7263,2026-05-23T06:05:23,2026-04-01
0x6c66718f99d6e9894446b2223ca203278afae5e77c11672ea2e5247cb76336ea,2026-06-02T17:09:47,2026-04-01
0x90d6f4e83bcf05f0c1b659332acc79267a497458f26149ee1290d24e34d589b8,2026-06-09T11:10:47,2026-04-01
0xee60f4c63e0e353e4aa571617182af3ccf8ed56d5cca48973bdd1b7eb8958368,2026-05-10T06:31:23,2026-04-01
0x5c0212f47cf9564f3a664eac758600683db83059f9512a0d81adb6bdcfb67573,2026-04-26T12:30:23,2026-04-01
0xd4f250f2dced620ab094d10996adfc7083ef8597e9b605a531e758609f0b0e41,2026-04-06T00:01:35,2026-04-01
0xaec012431d6f3384c98e9c925063a423dc1958bfa47656b42ee8fea36dd995b7,2026-04-02T06:50:35,2026-04-01
0x0cbc9e862fdebc1062a0f0fd8345a43037067aed824aa7e78abbd77b54d3b0c6,2026-06-11T01:00:47,2026-04-01
0x267e09f199af966ea14490fa1dee24b470ce381c2efff8d8ceaed2017a24ad5e,2026-04-12T12:54:23,2026-04-01
0x2edc02dc5008129ba95f35a0fe3596da9e7ca537a254bf9b5f79394818c87b93,2026-05-25T06:11:59,2026-04-01
0x73415579cd5449833e251c6a53cb65a7c7ce56d31e5820858c367fc02d30a310,2026-06-07T07:00:35,2026-04-01
0x5acccfcd61bd2bd495b80d68e23e84e02d7298359c43e0569a5c6d46c43acf47,2026-05-13T00:44:23,2026-04-01
0x135fa0d2696a438c15d18a18ffa21980f61702375bdc4d891370154765b62c2f,2026-04-11T04:38:47,2026-04-01
0x89571332418f1e7e58a7139ca8c1925ee1965663942fdb8e09c5794207a5f373,2026-05-07T12:50:59,2026-04-01
0x0860ece710a6b2d6df63f69328da5867c3f640b285cb0431b8c5d07d6f4effb5,2026-04-02T23:11:59,2026-04-01
0x8141258da823f6bb77224f9c114fecf373ab8272f0664450c07e10d0bd0e4209,2026-06-05T15:43:11,2026-04-01
